g my_millenniumlounge_01_tile_20x20
v -11.27258 -0.1274194 7.438659E-07
v -11.27258 -1.979111 7.629394E-07
v -11.7 -1.979111 7.629394E-07
v -11.7 0.2999963 7.629394E-07
v -11.27258 -3.839556 7.438659E-07
v -11.7 -3.839556 7.629394E-07
v -11.7 -1.979111 7.629394E-07
v -11.27258 -1.979111 7.629394E-07
v -11.27258 -5.700004 7.629394E-07
v -11.7 -3.839556 7.629394E-07
v -11.27258 -3.839556 7.438659E-07
v -11.7 -5.700003 7.629394E-07
v -11.7 -7.560451 7.629394E-07
v -11.27258 -7.560451 7.438659E-07
v -9.660913 -1.976179 6.29425E-07
v -9.757887 -2.113096 6.67572E-07
v -11.27258 -1.979111 7.629394E-07
v -9.844374 -2.252196 6.103515E-07
v -9.911383 -2.401708 6.67572E-07
v -9.969722 -2.554809 6.103515E-07
v -10.00692 -2.752335 6.67572E-07
v -10.03271 -3.031138 5.912781E-07
v -10.04106 -3.35523 6.67572E-07
v -11.27258 -3.839556 7.438659E-07
v -10.04106 -3.839556 7.247925E-07
v -11.27258 -3.839556 7.438659E-07
v -10.04106 -3.839556 7.247925E-07
v -10.04106 -5.700003 6.67572E-07
v -11.27258 -5.700004 7.629394E-07
v -11.27258 -7.560451 7.438659E-07
v -10.04106 -7.56045 7.247925E-07
v -7.20362 -4.19638 1.716614E-07
v -7.438008 -5.700002 1.525879E-07
v -7.438007 -4.430767 1.525879E-07
v -5.7 -5.700003 0
v -5.699999 -3.961994 1.525879E-07
v -6.969234 -3.961994 1.525879E-07
v -7.20362 -7.203624 1.716614E-07
v -7.438006 -6.969238 1.716614E-07
v -4.196377 -4.196379 1.525879E-07
v -4.430764 -3.961993 1.525879E-07
v -5.699999 -7.438011 1.525879E-07
v -6.969234 -7.438011 1.716614E-07
v -3.961991 -5.700002 1.525879E-07
v -3.961991 -4.430767 1.525879E-07
v -4.196377 -7.203624 1.525879E-07
v -4.430764 -7.438011 1.525879E-07
v -3.961991 -6.969237 1.716614E-07
v -9.546086 -1.853915 6.67572E-07
v -9.660913 -1.976179 6.29425E-07
v -11.27258 -1.979111 7.629394E-07
v -11.27258 -0.1274194 7.438659E-07
v -9.420891 -0.1274194 7.629394E-07
v -9.423821 -1.739087 6.103515E-07
v -8.111524 -4.084297 7.820129E-07
v -8.107322 -3.998214 5.912781E-07
v -8.094337 -3.913442 7.820129E-07
v -7.669087 -4.335052 6.103515E-07
v -7.374959 -4.025043 8.964539E-07
v -8.077132 -3.839675 6.103515E-07
v -8.050152 -3.768872 7.629394E-07
v -7.387024 -4.012978 8.964539E-07
v -7.669087 -4.801254 5.912781E-07
v -7.767858 -4.914739 5.912781E-07
v -8.111525 -5.700003 7.629394E-07
v -7.767859 -5.700002 6.29425E-07
v -7.767858 -6.485266 6.29425E-07
v -8.111524 -7.315708 7.820129E-07
v -7.669087 -6.598752 5.912781E-07
v -7.669087 -7.064955 6.103515E-07
v -7.367018 -4.032983 6.103515E-07
v -7.979169 -3.635403 7.629394E-07
v -8.019165 -3.699729 6.29425E-07
v -7.93499 -3.573025 6.103515E-07
v -7.882677 -3.517325 7.820129E-07
v -7.826976 -3.465011 6.29425E-07
v -7.764599 -3.420831 7.629394E-07
v -7.63113 -3.349849 7.629394E-07
v -7.700272 -3.380837 6.29425E-07
v -7.560327 -3.32287 6.103515E-07
v -7.486559 -3.305663 7.629394E-07
v -7.401788 -3.292679 5.912781E-07
v -7.315704 -3.288478 7.629394E-07
v -7.06495 -3.730914 5.912781E-07
v -6.598748 -3.730914 5.912781E-07
v -6.485262 -3.632143 5.912781E-07
v -5.7 -3.288478 7.629394E-07
v -5.699999 -3.632143 6.29425E-07
v -4.914737 -3.632143 5.912781E-07
v -4.084295 -3.288476 7.629394E-07
v -4.801251 -3.730914 5.912781E-07
v -4.335049 -3.730914 6.103515E-07
v -4.03298 -4.032983 6.103515E-07
v -4.02504 -4.025043 8.964539E-07
v -3.99821 -3.292679 6.29425E-07
v -3.913439 -3.305663 7.629394E-07
v -3.839672 -3.322869 6.103515E-07
v -3.768868 -3.349849 7.629394E-07
v -4.012975 -4.012976 8.964539E-07
v -3.699727 -3.380837 6.29425E-07
v -3.6354 -3.420831 7.629394E-07
v -3.573022 -3.46501 6.29425E-07
v -3.51732 -3.517323 7.629394E-07
v -3.465008 -3.573024 6.103515E-07
v -3.42083 -3.635401 7.629394E-07
v -3.380834 -3.699729 6.29425E-07
v -3.349847 -3.768871 7.629394E-07
v -3.322867 -3.839673 5.912781E-07
v -3.305661 -3.913442 7.820129E-07
v -3.730911 -4.335051 5.912781E-07
v -3.292677 -3.998212 5.912781E-07
v -3.288475 -4.084296 7.629394E-07
v -3.730911 -4.801253 5.912781E-07
v -3.63214 -4.914739 5.912781E-07
v -3.288475 -5.700002 7.438659E-07
v -3.63214 -5.700002 6.103515E-07
v -3.63214 -6.485265 6.29425E-07
v -3.288475 -7.315708 7.629394E-07
v -3.730911 -6.598751 6.103515E-07
v -3.730911 -7.064953 6.103515E-07
v -3.292676 -7.401792 5.912781E-07
v -3.305661 -7.486563 7.820129E-07
v -4.02504 -7.374962 8.964539E-07
v -3.322867 -7.560331 6.29425E-07
v -3.349847 -7.631133 7.629394E-07
v -3.380834 -7.700276 6.29425E-07
v -4.032981 -7.367022 6.103515E-07
v -3.42083 -7.764603 7.629394E-07
v -4.012975 -7.387028 8.964539E-07
v -3.465007 -7.82698 6.29425E-07
v -3.51732 -7.88268 7.820129E-07
v -3.573022 -7.934994 6.103515E-07
v -3.6354 -7.979173 7.629394E-07
v -3.699726 -8.019168 6.103515E-07
v -3.768869 -8.050156 7.629394E-07
v -3.839672 -8.077135 6.103515E-07
v -3.913439 -8.09434 7.820129E-07
v -3.99821 -8.107326 6.29425E-07
v -4.084295 -8.111526 7.820129E-07
v -4.335049 -7.66909 5.912781E-07
v -4.801251 -7.66909 5.912781E-07
v -4.914737 -7.767862 6.103515E-07
v -5.7 -8.111528 7.629394E-07
v -5.699999 -7.767862 6.103515E-07
v -6.485262 -7.767862 5.912781E-07
v -7.315704 -8.111528 7.629394E-07
v -6.598747 -7.669091 5.912781E-07
v -7.06495 -7.66909 6.103515E-07
v -7.367018 -7.367022 6.103515E-07
v -7.401788 -8.107326 6.103515E-07
v -7.374959 -7.374962 8.964539E-07
v -7.486558 -8.094341 7.629394E-07
v -7.560327 -8.077135 6.103515E-07
v -7.63113 -8.050156 7.629394E-07
v -7.387024 -7.387029 8.964539E-07
v -7.764599 -7.979173 7.438659E-07
v -7.700272 -8.019168 6.29425E-07
v -7.826976 -7.934994 6.29425E-07
v -7.882677 -7.882681 7.820129E-07
v -7.93499 -7.82698 6.29425E-07
v -7.97917 -7.764603 7.438659E-07
v -8.050152 -7.631133 7.629394E-07
v -8.019165 -7.700276 6.103515E-07
v -8.077132 -7.560331 6.103515E-07
v -8.094337 -7.486563 7.629394E-07
v -8.107322 -7.401792 6.29425E-07
v -9.42089 0.2999963 7.629394E-07
v -9.420891 -0.1274194 7.629394E-07
v -11.27258 -0.1274194 7.438659E-07
v -11.7 0.2999963 7.629394E-07
v -9.42089 0.2999963 7.629394E-07
v -7.560445 0.2999975 7.629394E-07
v -7.560445 -0.127417 7.438659E-07
v -9.420891 -0.1274194 7.629394E-07
v -7.560445 0.2999975 7.629394E-07
v -5.7 -0.127417 7.629394E-07
v -7.560445 -0.127417 7.438659E-07
v -5.699999 0.2999975 7.629394E-07
v -3.839553 0.2999975 7.629394E-07
v -3.839553 -0.1274158 7.629394E-07
v -9.423821 -1.739087 6.103515E-07
v -9.420891 -0.1274194 7.629394E-07
v -9.286906 -1.642114 6.67572E-07
v -9.147806 -1.555626 6.29425E-07
v -8.998295 -1.488619 6.866455E-07
v -8.845193 -1.430281 5.912781E-07
v -8.647667 -1.393076 6.67572E-07
v -8.368865 -1.36729 6.103515E-07
v -7.560445 -0.127417 7.438659E-07
v -8.044771 -1.358947 6.67572E-07
v -7.560446 -1.358945 7.05719E-07
v -5.699999 -1.358944 6.866455E-07
v -7.560446 -1.358945 7.05719E-07
v -7.560445 -0.127417 7.438659E-07
v -5.7 -0.127417 7.629394E-07
v -3.839553 -0.1274158 7.629394E-07
v -3.839554 -1.358944 7.05719E-07
v 0.2999994 -1.979107 7.629394E-07
v -0.1274164 -1.979107 7.629394E-07
v -0.1274164 -0.1274146 7.629394E-07
v 0.2999994 0.3 7.629394E-07
v -0.1274152 -3.839554 7.629394E-07
v -0.1274164 -1.979107 7.629394E-07
v 0.2999994 -1.979107 7.629394E-07
v 0.2999994 -3.839554 7.629394E-07
v -0.1274152 -5.700002 7.629394E-07
v -0.1274152 -3.839554 7.629394E-07
v 0.2999994 -3.839554 7.629394E-07
v 0.3000006 -5.700002 7.629394E-07
v 0.2999994 -7.56045 7.629394E-07
v -0.1274164 -7.56045 7.629394E-07
v -1.739086 -1.976177 6.103515E-07
v -0.1274164 -1.979107 7.629394E-07
v -1.642112 -2.113093 6.67572E-07
v -1.555624 -2.252193 6.29425E-07
v -1.488617 -2.401705 6.67572E-07
v -1.430277 -2.554807 6.103515E-07
v -1.393073 -2.752333 6.67572E-07
v -1.367287 -3.031135 5.912781E-07
v -1.358942 -3.355228 6.67572E-07
v -0.1274152 -3.839554 7.629394E-07
v -1.358942 -3.839554 7.247925E-07
v -1.358942 -5.700002 6.866455E-07
v -1.358942 -3.839554 7.247925E-07
v -0.1274152 -3.839554 7.629394E-07
v -0.1274152 -5.700002 7.629394E-07
v -0.1274164 -7.56045 7.629394E-07
v -1.358942 -7.56045 7.247925E-07
v -1.853912 -1.853913 6.67572E-07
v -0.1274164 -1.979107 7.629394E-07
v -1.739086 -1.976177 6.103515E-07
v -0.1274164 -0.1274146 7.629394E-07
v -1.979108 -0.1274158 7.629394E-07
v -1.976177 -1.739086 6.29425E-07
v -1.979109 0.2999988 7.629394E-07
v 0.2999994 0.3 7.629394E-07
v -0.1274164 -0.1274146 7.629394E-07
v -1.979108 -0.1274158 7.629394E-07
v -3.839553 -0.1274158 7.629394E-07
v -3.839553 0.2999975 7.629394E-07
v -1.979109 0.2999988 7.629394E-07
v -1.979108 -0.1274158 7.629394E-07
v -1.976177 -1.739086 6.29425E-07
v -2.113093 -1.642112 6.67572E-07
v -1.979108 -0.1274158 7.629394E-07
v -2.252192 -1.555624 6.29425E-07
v -2.401703 -1.488618 6.67572E-07
v -2.554806 -1.430278 6.103515E-07
v -2.752331 -1.393075 6.67572E-07
v -3.031135 -1.367289 5.912781E-07
v -3.839553 -0.1274158 7.629394E-07
v -3.355227 -1.358944 6.67572E-07
v -3.839554 -1.358944 7.05719E-07
v -11.7 -9.420896 7.629394E-07
v -11.27258 -9.420896 7.820129E-07
v -11.27258 -11.27259 7.438659E-07
v -11.7 -11.7 7.629394E-07
v -11.27258 -7.560451 7.438659E-07
v -11.27258 -9.420896 7.820129E-07
v -11.7 -9.420896 7.629394E-07
v -11.7 -7.560451 7.629394E-07
v -9.660913 -9.423826 6.103515E-07
v -11.27258 -9.420896 7.820129E-07
v -9.757887 -9.286911 6.67572E-07
v -9.844375 -9.147811 6.103515E-07
v -9.911383 -8.998299 6.67572E-07
v -9.969722 -8.845197 6.103515E-07
v -10.00692 -8.647671 6.67572E-07
v -10.03271 -8.368869 6.103515E-07
v -10.04106 -8.044775 6.67572E-07
v -11.27258 -7.560451 7.438659E-07
v -10.04106 -7.56045 7.247925E-07
v -9.546086 -9.54609 6.67572E-07
v -11.27258 -9.420896 7.820129E-07
v -9.660913 -9.423826 6.103515E-07
v -11.27258 -11.27259 7.438659E-07
v -9.420891 -11.27259 7.629394E-07
v -9.423821 -9.660917 6.29425E-07
v -9.42089 -11.7 7.629394E-07
v -11.7 -11.7 7.629394E-07
v -11.27258 -11.27259 7.438659E-07
v -9.420891 -11.27259 7.629394E-07
v -7.560445 -11.27259 7.820129E-07
v -7.560445 -11.7 7.629394E-07
v -9.42089 -11.7 7.629394E-07
v -9.420891 -11.27259 7.629394E-07
v -5.699999 -11.27259 7.629394E-07
v -7.560445 -11.7 7.629394E-07
v -7.560445 -11.27259 7.820129E-07
v -5.699999 -11.7 7.629394E-07
v -3.839553 -11.7 7.629394E-07
v -3.839553 -11.27259 7.820129E-07
v -9.423821 -9.660917 6.29425E-07
v -9.286906 -9.757892 6.866455E-07
v -9.420891 -11.27259 7.629394E-07
v -9.147806 -9.844379 6.484985E-07
v -8.998295 -9.911386 6.866455E-07
v -8.845193 -9.969725 5.912781E-07
v -8.647667 -10.00693 6.67572E-07
v -8.368865 -10.03271 6.103515E-07
v -7.560445 -11.27259 7.820129E-07
v -8.044771 -10.04106 6.67572E-07
v -7.560445 -10.04106 7.05719E-07
v -7.560445 -11.27259 7.820129E-07
v -7.560445 -10.04106 7.05719E-07
v -5.699999 -10.04106 6.866455E-07
v -5.699999 -11.27259 7.629394E-07
v -3.839553 -11.27259 7.820129E-07
v -3.839553 -10.04106 7.05719E-07
v -0.1274164 -11.27259 7.629394E-07
v -0.1274164 -9.420896 7.820129E-07
v 0.2999994 -9.420896 7.629394E-07
v 0.2999994 -11.7 7.629394E-07
v -0.1274164 -7.56045 7.629394E-07
v 0.2999994 -7.56045 7.629394E-07
v 0.2999994 -9.420896 7.629394E-07
v -0.1274164 -9.420896 7.820129E-07
v -1.739086 -9.423826 5.912781E-07
v -1.642112 -9.286911 6.67572E-07
v -0.1274164 -9.420896 7.820129E-07
v -1.555624 -9.14781 6.103515E-07
v -1.488618 -8.998299 6.67572E-07
v -1.430277 -8.845197 6.29425E-07
v -1.393073 -8.647671 6.67572E-07
v -1.367287 -8.368868 5.912781E-07
v -1.358943 -8.044775 6.866455E-07
v -0.1274164 -7.56045 7.629394E-07
v -1.358942 -7.56045 7.247925E-07
v -1.853913 -9.546091 6.67572E-07
v -1.739086 -9.423826 5.912781E-07
v -0.1274164 -9.420896 7.820129E-07
v -0.1274164 -11.27259 7.629394E-07
v -1.979108 -11.27259 7.629394E-07
v -1.976177 -9.660917 6.29425E-07
v -1.979108 -11.7 7.820129E-07
v -1.979108 -11.27259 7.629394E-07
v -0.1274164 -11.27259 7.629394E-07
v 0.2999994 -11.7 7.629394E-07
v -1.979108 -11.7 7.820129E-07
v -3.839553 -11.7 7.629394E-07
v -3.839553 -11.27259 7.820129E-07
v -1.979108 -11.27259 7.629394E-07
v -1.976177 -9.660917 6.29425E-07
v -1.979108 -11.27259 7.629394E-07
v -2.113093 -9.757892 6.67572E-07
v -2.252191 -9.844379 6.484985E-07
v -2.401703 -9.911387 6.67572E-07
v -2.554806 -9.969726 6.103515E-07
v -2.752331 -10.00693 6.67572E-07
v -3.031135 -10.03272 5.912781E-07
v -3.839553 -11.27259 7.820129E-07
v -3.355227 -10.04106 6.67572E-07
v -3.839553 -10.04106 7.05719E-07
v -11.7 -1.979111 7.629394E-07
v -11.7 0.2999963 -0.285
v -11.7 0.2999963 7.629394E-07
v -11.7 -1.97911 -0.285
v -11.7 -3.839556 7.629394E-07
v -11.7 -3.839556 -0.285
v -11.7 -5.700003 7.629394E-07
v -11.7 -5.700003 -0.285
v -11.7 -7.560451 7.629394E-07
v -11.7 -7.560451 -0.285
v -11.7 -9.420896 7.629394E-07
v -11.7 -9.420896 -0.285
v -11.7 -11.7 7.629394E-07
v -11.7 -11.7 -0.285
v -9.42089 -11.7 7.629394E-07
v -11.7 -11.7 -0.285
v -11.7 -11.7 7.629394E-07
v -9.42089 -11.7 -0.285
v -7.560445 -11.7 7.629394E-07
v -7.560445 -11.7 -0.285
v -5.699999 -11.7 7.629394E-07
v -5.699999 -11.7 -0.285
v -3.839553 -11.7 7.629394E-07
v -3.839553 -11.7 -0.285
v -1.979108 -11.7 7.820129E-07
v -1.979109 -11.7 -0.285
v 0.2999994 -11.7 7.629394E-07
v 0.2999994 -11.7 -0.285
v -2.085463 -9.314542 6.29425E-07
v -1.739086 -9.423826 5.912781E-07
v -1.853913 -9.546091 6.67572E-07
v -1.976177 -9.660917 6.29425E-07
v -1.978444 -9.200592 6.29425E-07
v -1.642112 -9.286911 6.67572E-07
v -2.199411 -9.421558 6.103515E-07
v -2.113093 -9.757892 6.67572E-07
v -1.88806 -9.072995 6.103515E-07
v -1.555624 -9.14781 6.103515E-07
v -2.281236 -9.118767 6.103515E-07
v -2.327008 -9.511945 6.29425E-07
v -2.252191 -9.844379 6.484985E-07
v -2.180821 -9.011848 6.29425E-07
v -1.807358 -8.943213 5.912781E-07
v -1.488618 -8.998299 6.67572E-07
v -2.388154 -9.219181 6.103515E-07
v -2.456789 -9.592645 5.912781E-07
v -2.401703 -9.911387 6.67572E-07
v -2.427274 -8.972729 6.103515E-07
v -2.338861 -8.878589 6.103515E-07
v -2.521414 -9.061142 6.484985E-07
v -2.264193 -8.773169 6.103515E-07
v -2.626834 -9.13581 5.912781E-07
v -2.507874 -9.303996 6.29425E-07
v -2.629776 -9.379806 6.103515E-07
v -2.734197 -9.202563 5.912781E-07
v -2.849596 -9.254281 6.103515E-07
v -2.596281 -9.655178 6.67572E-07
v -2.554806 -9.969726 6.103515E-07
v -2.096007 -8.892129 6.29425E-07
v -2.020198 -8.770226 6.29425E-07
v -2.197439 -8.665806 6.103515E-07
v -2.14572 -8.550408 6.103515E-07
v -2.760798 -9.438553 5.912781E-07
v -2.739125 -9.709622 5.912781E-07
v -2.752331 -10.00693 6.67572E-07
v -2.894967 -9.489704 5.912781E-07
v -2.967765 -9.29931 5.912781E-07
v -3.090884 -9.328025 5.912781E-07
v -2.906399 -9.745077 6.484985E-07
v -3.031135 -10.03272 5.912781E-07
v -3.036663 -9.523681 5.912781E-07
v -3.118178 -9.771563 6.103515E-07
v -3.355227 -10.04106 6.67572E-07
v -3.191776 -9.550759 6.103515E-07
v -3.226013 -9.348723 6.103515E-07
v -3.363234 -9.355421 6.103515E-07
v -3.355226 -9.783452 6.29425E-07
v -3.839553 -10.04106 7.05719E-07
v -3.355226 -9.565644 5.722046E-07
v -5.699999 -9.355422 6.103515E-07
v -5.699999 -10.04106 6.866455E-07
v -5.699999 -9.565644 6.29425E-07
v -8.044773 -9.565644 5.722046E-07
v -8.036765 -9.355422 6.103515E-07
v -7.560445 -10.04106 7.05719E-07
v -8.208221 -9.550759 6.29425E-07
v -8.173986 -9.348723 6.103515E-07
v -8.309116 -9.328025 5.912781E-07
v -8.044772 -9.783451 6.484985E-07
v -8.044771 -10.04106 6.67572E-07
v -8.281819 -9.771563 6.103515E-07
v -8.368865 -10.03271 6.103515E-07
v -8.363336 -9.523681 6.103515E-07
v -8.4936 -9.745076 6.29425E-07
v -8.647667 -10.00693 6.67572E-07
v -8.505033 -9.489704 5.912781E-07
v -8.432234 -9.29931 5.912781E-07
v -8.550404 -9.254282 5.912781E-07
v -8.660873 -9.709622 6.103515E-07
v -8.845193 -9.969725 5.912781E-07
v -8.639201 -9.438553 6.103515E-07
v -8.803717 -9.655177 6.67572E-07
v -8.998295 -9.911386 6.866455E-07
v -8.770222 -9.379806 5.912781E-07
v -8.665802 -9.202563 5.912781E-07
v -8.773165 -9.13581 5.722046E-07
v -8.943209 -9.592645 5.912781E-07
v -9.147806 -9.844379 6.484985E-07
v -8.892124 -9.303996 6.29425E-07
v -9.07299 -9.511944 6.67572E-07
v -9.286906 -9.757892 6.866455E-07
v -9.011845 -9.219181 6.29425E-07
v -8.878585 -9.061142 6.29425E-07
v -8.972724 -8.972728 6.29425E-07
v -9.200588 -9.421558 6.29425E-07
v -9.423821 -9.660917 6.29425E-07
v -9.118762 -9.118767 6.29425E-07
v -9.314537 -9.314542 6.29425E-07
v -9.546086 -9.54609 6.67572E-07
v -9.660913 -9.423826 6.103515E-07
v -9.421555 -9.200592 6.29425E-07
v -9.757887 -9.286911 6.67572E-07
v -9.219177 -9.011848 6.29425E-07
v -9.061138 -8.878589 6.103515E-07
v -9.135805 -8.773169 6.103515E-07
v -9.51194 -9.072995 6.103515E-07
v -9.844375 -9.147811 6.103515E-07
v -9.303991 -8.892129 6.29425E-07
v -9.592641 -8.943213 6.103515E-07
v -9.911383 -8.998299 6.67572E-07
v -9.379801 -8.770226 6.29425E-07
v -9.202559 -8.665806 6.29425E-07
v -9.254278 -8.550408 6.29425E-07
v -9.655173 -8.803721 6.484985E-07
v -9.969722 -8.845197 6.103515E-07
v -9.438549 -8.639205 6.29425E-07
v -9.709618 -8.660878 6.103515E-07
v -10.00692 -8.647671 6.67572E-07
v -9.4897 -8.505037 5.912781E-07
v -9.299306 -8.432238 6.29425E-07
v -9.32802 -8.309119 6.103515E-07
v -9.745072 -8.493604 6.67572E-07
v -10.03271 -8.368869 6.103515E-07
v -9.523677 -8.363339 6.103515E-07
v -9.77156 -8.281823 6.103515E-07
v -10.04106 -8.044775 6.67572E-07
v -9.550756 -8.208226 6.29425E-07
v -9.34872 -8.17399 6.103515E-07
v -9.355418 -8.036769 6.103515E-07
v -9.783447 -8.044776 6.103515E-07
v -10.04106 -7.56045 7.247925E-07
v -9.56564 -8.044776 6.103515E-07
v -9.355418 -5.700003 5.912781E-07
v -10.04106 -5.700003 6.67572E-07
v -9.565641 -5.700003 6.29425E-07
v -9.56564 -3.355229 6.103515E-07
v -9.355418 -3.363237 6.103515E-07
v -10.04106 -3.839556 7.247925E-07
v -9.550756 -3.19178 6.29425E-07
v -9.34872 -3.226016 5.912781E-07
v -9.32802 -3.090886 6.103515E-07
v -9.783447 -3.35523 6.29425E-07
v -10.04106 -3.35523 6.67572E-07
v -9.771559 -3.118182 6.103515E-07
v -10.03271 -3.031138 5.912781E-07
v -9.523677 -3.036666 5.912781E-07
v -9.745072 -2.906403 6.484985E-07
v -10.00692 -2.752335 6.67572E-07
v -9.4897 -2.894969 5.912781E-07
v -9.299306 -2.967768 6.103515E-07
v -9.254278 -2.849597 6.103515E-07
v -9.709618 -2.739128 6.103515E-07
v -9.969722 -2.554809 6.103515E-07
v -9.438549 -2.760801 6.29425E-07
v -9.655173 -2.596285 6.484985E-07
v -9.911383 -2.401708 6.67572E-07
v -9.379801 -2.62978 6.29425E-07
v -9.202559 -2.734199 6.29425E-07
v -9.135805 -2.626836 6.29425E-07
v -9.592641 -2.456793 6.103515E-07
v -9.844374 -2.252196 6.103515E-07
v -9.303991 -2.507877 6.103515E-07
v -9.51194 -2.327013 6.29425E-07
v -9.757887 -2.113096 6.67572E-07
v -9.219177 -2.388157 6.29425E-07
v -9.061138 -2.521417 6.103515E-07
v -8.972724 -2.427277 6.29425E-07
v -9.421555 -2.199413 6.29425E-07
v -9.660913 -1.976179 6.29425E-07
v -9.118762 -2.281239 6.29425E-07
v -9.314537 -2.085466 6.29425E-07
v -9.546086 -1.853915 6.67572E-07
v -9.423821 -1.739087 6.103515E-07
v -9.200588 -1.978446 6.29425E-07
v -9.286906 -1.642114 6.67572E-07
v -9.011845 -2.180825 6.103515E-07
v -8.878585 -2.338863 6.29425E-07
v -8.773165 -2.264197 5.912781E-07
v -9.07299 -1.888062 6.67572E-07
v -9.147806 -1.555626 6.29425E-07
v -8.892125 -2.09601 5.912781E-07
v -8.943209 -1.807361 6.103515E-07
v -8.998295 -1.488619 6.866455E-07
v -8.770222 -2.020201 6.29425E-07
v -8.665802 -2.197443 5.912781E-07
v -8.550404 -2.145724 5.912781E-07
v -8.803717 -1.744827 6.67572E-07
v -8.845193 -1.430281 5.912781E-07
v -8.639201 -1.961452 6.103515E-07
v -8.660873 -1.690384 5.912781E-07
v -8.647667 -1.393076 6.67572E-07
v -8.505033 -1.910301 6.103515E-07
v -8.432234 -2.100695 5.912781E-07
v -8.309116 -2.071981 5.912781E-07
v -8.4936 -1.65493 6.67572E-07
v -8.368865 -1.36729 6.103515E-07
v -8.363335 -1.876325 6.103515E-07
v -8.281819 -1.628442 6.103515E-07
v -8.044771 -1.358947 6.67572E-07
v -8.208222 -1.849246 5.912781E-07
v -8.173986 -2.051282 6.103515E-07
v -8.036765 -2.044585 6.103515E-07
v -8.044772 -1.616554 6.484985E-07
v -7.560446 -1.358945 7.05719E-07
v -8.044773 -1.834362 5.912781E-07
v -5.699999 -2.044582 6.103515E-07
v -5.699999 -1.358944 6.866455E-07
v -5.699999 -1.834362 6.103515E-07
v -3.355226 -1.834361 5.912781E-07
v -3.363234 -2.044583 5.912781E-07
v -3.839554 -1.358944 7.05719E-07
v -3.191776 -1.849245 5.912781E-07
v -3.226012 -2.051281 6.103515E-07
v -3.090884 -2.07198 6.103515E-07
v -3.355226 -1.616553 6.29425E-07
v -3.355227 -1.358944 6.67572E-07
v -3.118179 -1.62844 6.103515E-07
v -3.031135 -1.367289 5.912781E-07
v -3.036663 -1.876324 6.103515E-07
v -2.906399 -1.654928 6.484985E-07
v -2.752331 -1.393075 6.67572E-07
v -2.894966 -1.9103 6.103515E-07
v -2.967764 -2.100694 5.912781E-07
v -2.849596 -2.145723 5.912781E-07
v -2.739125 -1.690381 6.103515E-07
v -2.554806 -1.430278 6.103515E-07
v -2.760798 -1.961451 6.103515E-07
v -2.596281 -1.744826 6.67572E-07
v -2.401703 -1.488618 6.67572E-07
v -2.629776 -2.020199 6.103515E-07
v -2.734197 -2.197441 6.103515E-07
v -2.626835 -2.264194 5.912781E-07
v -2.456789 -1.807359 6.103515E-07
v -2.252192 -1.555624 6.29425E-07
v -2.507874 -2.096007 6.103515E-07
v -2.327008 -1.88806 6.29425E-07
v -2.113093 -1.642112 6.67572E-07
v -2.388154 -2.180822 6.103515E-07
v -2.521414 -2.338862 6.29425E-07
v -2.427274 -2.427275 6.29425E-07
v -2.199411 -1.978445 6.103515E-07
v -1.976177 -1.739086 6.29425E-07
v -2.281236 -2.281237 6.103515E-07
v -2.085462 -2.085463 6.29425E-07
v -1.853912 -1.853913 6.67572E-07
v -1.739086 -1.976177 6.103515E-07
v -1.978444 -2.199411 6.103515E-07
v -1.642112 -2.113093 6.67572E-07
v -2.180821 -2.388155 6.103515E-07
v -2.338861 -2.521415 6.29425E-07
v -2.264193 -2.626835 6.103515E-07
v -1.88806 -2.32701 6.29425E-07
v -1.555624 -2.252193 6.29425E-07
v -2.096007 -2.507875 6.103515E-07
v -1.807358 -2.456791 6.103515E-07
v -1.488617 -2.401705 6.67572E-07
v -2.020198 -2.629778 6.103515E-07
v -2.197439 -2.734197 6.103515E-07
v -2.145721 -2.849596 6.103515E-07
v -1.744825 -2.596283 6.67572E-07
v -1.430277 -2.554807 6.103515E-07
v -1.96145 -2.760799 6.103515E-07
v -1.690381 -2.739125 6.103515E-07
v -1.393073 -2.752333 6.67572E-07
v -1.910298 -2.894967 6.29425E-07
v -2.100692 -2.967765 6.103515E-07
v -2.071978 -3.090884 5.912781E-07
v -1.654925 -2.9064 6.484985E-07
v -1.367287 -3.031135 5.912781E-07
v -1.876322 -3.036664 6.103515E-07
v -1.628438 -3.118181 6.103515E-07
v -1.358942 -3.355228 6.67572E-07
v -1.849243 -3.191777 6.29425E-07
v -2.05128 -3.226014 6.103515E-07
v -2.044582 -3.363235 6.103515E-07
v -1.616551 -3.355229 6.29425E-07
v -1.358942 -3.839554 7.247925E-07
v -1.834358 -3.355228 5.912781E-07
v -2.044581 -5.700002 6.103515E-07
v -1.358942 -5.700002 6.866455E-07
v -1.834357 -5.700002 6.103515E-07
v -1.834359 -8.044776 5.912781E-07
v -2.044582 -8.036769 6.103515E-07
v -1.358942 -7.56045 7.247925E-07
v -1.849244 -8.208226 6.29425E-07
v -2.05128 -8.173989 6.103515E-07
v -2.071978 -8.309119 6.103515E-07
v -1.616551 -8.044775 6.29425E-07
v -1.358943 -8.044775 6.866455E-07
v -1.628438 -8.281823 5.912781E-07
v -1.367287 -8.368868 5.912781E-07
v -1.876322 -8.363339 6.103515E-07
v -1.654925 -8.493604 6.484985E-07
v -1.393073 -8.647671 6.67572E-07
v -1.910298 -8.505037 6.29425E-07
v -2.100692 -8.432238 6.29425E-07
v -1.690381 -8.660878 6.103515E-07
v -1.430277 -8.845197 6.29425E-07
v -1.96145 -8.639205 6.29425E-07
v -1.744825 -8.803721 6.67572E-07
v -4.914737 -7.767862 6.103515E-07
v -5.699999 -7.767862 6.103515E-07
v -5.699999 -7.438011 1.525879E-07
v -6.485262 -7.767862 5.912781E-07
v -4.801251 -7.66909 5.912781E-07
v -6.598747 -7.669091 5.912781E-07
v -4.430764 -7.438011 1.525879E-07
v -4.335049 -7.66909 5.912781E-07
v -6.969234 -7.438011 1.716614E-07
v -7.06495 -7.66909 6.103515E-07
v -4.032981 -7.367022 6.103515E-07
v -4.196377 -7.203624 1.525879E-07
v -7.367018 -7.367022 6.103515E-07
v -7.20362 -7.203624 1.716614E-07
v -3.961991 -6.969237 1.716614E-07
v -3.730911 -7.064953 6.103515E-07
v -3.730911 -6.598751 6.103515E-07
v -7.438006 -6.969238 1.716614E-07
v -7.669087 -7.064955 6.103515E-07
v -7.669087 -6.598752 5.912781E-07
v -3.961991 -5.700002 1.525879E-07
v -7.438008 -5.700002 1.525879E-07
v -3.63214 -6.485265 6.29425E-07
v -7.767858 -6.485266 6.29425E-07
v -3.63214 -5.700002 6.103515E-07
v -3.63214 -4.914739 5.912781E-07
v -3.730911 -4.801253 5.912781E-07
v -7.767859 -5.700002 6.29425E-07
v -7.767858 -4.914739 5.912781E-07
v -7.669087 -4.801254 5.912781E-07
v -3.961991 -4.430767 1.525879E-07
v -3.730911 -4.335051 5.912781E-07
v -7.438007 -4.430767 1.525879E-07
v -7.669087 -4.335052 6.103515E-07
v -4.03298 -4.032983 6.103515E-07
v -4.196377 -4.196379 1.525879E-07
v -7.367018 -4.032983 6.103515E-07
v -7.20362 -4.19638 1.716614E-07
v -4.430764 -3.961993 1.525879E-07
v -4.335049 -3.730914 6.103515E-07
v -4.801251 -3.730914 5.912781E-07
v -6.969234 -3.961994 1.525879E-07
v -7.06495 -3.730914 5.912781E-07
v -6.598748 -3.730914 5.912781E-07
v -5.699999 -3.961994 1.525879E-07
v -4.914737 -3.632143 5.912781E-07
v -6.485262 -3.632143 5.912781E-07
v -5.699999 -3.632143 6.29425E-07
v -5.699999 -9.355422 6.103515E-07
v -7.315704 -8.111528 7.629394E-07
v -5.7 -8.111528 7.629394E-07
v -4.084295 -8.111526 7.820129E-07
v -8.036765 -9.355422 6.103515E-07
v -3.363234 -9.355421 6.103515E-07
v -7.401788 -8.107326 6.103515E-07
v -3.99821 -8.107326 6.29425E-07
v -8.173986 -9.348723 6.103515E-07
v -3.226013 -9.348723 6.103515E-07
v -7.486558 -8.094341 7.629394E-07
v -3.913439 -8.09434 7.820129E-07
v -8.309116 -9.328025 5.912781E-07
v -3.090884 -9.328025 5.912781E-07
v -7.560327 -8.077135 6.103515E-07
v -3.839672 -8.077135 6.103515E-07
v -8.432234 -9.29931 5.912781E-07
v -2.967765 -9.29931 5.912781E-07
v -7.63113 -8.050156 7.629394E-07
v -3.768869 -8.050156 7.629394E-07
v -8.550404 -9.254282 5.912781E-07
v -2.849596 -9.254281 6.103515E-07
v -7.700272 -8.019168 6.29425E-07
v -3.699726 -8.019168 6.103515E-07
v -8.665802 -9.202563 5.912781E-07
v -2.734197 -9.202563 5.912781E-07
v -7.764599 -7.979173 7.438659E-07
v -3.6354 -7.979173 7.629394E-07
v -8.773165 -9.13581 5.722046E-07
v -2.626834 -9.13581 5.912781E-07
v -7.826976 -7.934994 6.29425E-07
v -3.573022 -7.934994 6.103515E-07
v -8.878585 -9.061142 6.29425E-07
v -2.521414 -9.061142 6.484985E-07
v -7.882677 -7.882681 7.820129E-07
v -8.972724 -8.972728 6.29425E-07
v -9.061138 -8.878589 6.103515E-07
v -7.93499 -7.82698 6.29425E-07
v -9.135805 -8.773169 6.103515E-07
v -7.97917 -7.764603 7.438659E-07
v -9.202559 -8.665806 6.29425E-07
v -8.019165 -7.700276 6.103515E-07
v -9.254278 -8.550408 6.29425E-07
v -8.050152 -7.631133 7.629394E-07
v -9.299306 -8.432238 6.29425E-07
v -8.077132 -7.560331 6.103515E-07
v -9.32802 -8.309119 6.103515E-07
v -8.094337 -7.486563 7.629394E-07
v -9.34872 -8.17399 6.103515E-07
v -8.107322 -7.401792 6.29425E-07
v -9.355418 -8.036769 6.103515E-07
v -8.111524 -7.315708 7.820129E-07
v -9.355418 -5.700003 5.912781E-07
v -8.111525 -5.700003 7.629394E-07
v -8.111524 -4.084297 7.820129E-07
v -9.355418 -3.363237 6.103515E-07
v -8.107322 -3.998214 5.912781E-07
v -9.34872 -3.226016 5.912781E-07
v -8.094337 -3.913442 7.820129E-07
v -9.32802 -3.090886 6.103515E-07
v -8.077132 -3.839675 6.103515E-07
v -9.299306 -2.967768 6.103515E-07
v -8.050152 -3.768872 7.629394E-07
v -9.254278 -2.849597 6.103515E-07
v -8.019165 -3.699729 6.29425E-07
v -9.202559 -2.734199 6.29425E-07
v -7.979169 -3.635403 7.629394E-07
v -9.135805 -2.626836 6.29425E-07
v -7.93499 -3.573025 6.103515E-07
v -9.061138 -2.521417 6.103515E-07
v -7.882677 -3.517325 7.820129E-07
v -8.972724 -2.427277 6.29425E-07
v -8.878585 -2.338863 6.29425E-07
v -7.826976 -3.465011 6.29425E-07
v -8.773165 -2.264197 5.912781E-07
v -7.764599 -3.420831 7.629394E-07
v -8.665802 -2.197443 5.912781E-07
v -7.700272 -3.380837 6.29425E-07
v -8.550404 -2.145724 5.912781E-07
v -7.63113 -3.349849 7.629394E-07
v -8.432234 -2.100695 5.912781E-07
v -7.560327 -3.32287 6.103515E-07
v -8.309116 -2.071981 5.912781E-07
v -7.486559 -3.305663 7.629394E-07
v -8.173986 -2.051282 6.103515E-07
v -7.401788 -3.292679 5.912781E-07
v -8.036765 -2.044585 6.103515E-07
v -7.315704 -3.288478 7.629394E-07
v -5.699999 -2.044582 6.103515E-07
v -5.7 -3.288478 7.629394E-07
v -4.084295 -3.288476 7.629394E-07
v -3.363234 -2.044583 5.912781E-07
v -3.99821 -3.292679 6.29425E-07
v -3.226012 -2.051281 6.103515E-07
v -3.913439 -3.305663 7.629394E-07
v -3.090884 -2.07198 6.103515E-07
v -3.839672 -3.322869 6.103515E-07
v -2.967764 -2.100694 5.912781E-07
v -3.768868 -3.349849 7.629394E-07
v -2.849596 -2.145723 5.912781E-07
v -3.699727 -3.380837 6.29425E-07
v -2.734197 -2.197441 6.103515E-07
v -3.6354 -3.420831 7.629394E-07
v -2.626835 -2.264194 5.912781E-07
v -3.573022 -3.46501 6.29425E-07
v -2.521414 -2.338862 6.29425E-07
v -3.51732 -3.517323 7.629394E-07
v -2.427274 -2.427275 6.29425E-07
v -2.338861 -2.521415 6.29425E-07
v -3.465008 -3.573024 6.103515E-07
v -2.264193 -2.626835 6.103515E-07
v -3.42083 -3.635401 7.629394E-07
v -2.197439 -2.734197 6.103515E-07
v -3.380834 -3.699729 6.29425E-07
v -2.145721 -2.849596 6.103515E-07
v -3.349847 -3.768871 7.629394E-07
v -2.100692 -2.967765 6.103515E-07
v -3.322867 -3.839673 5.912781E-07
v -2.071978 -3.090884 5.912781E-07
v -3.305661 -3.913442 7.820129E-07
v -2.05128 -3.226014 6.103515E-07
v -3.292677 -3.998212 5.912781E-07
v -2.044582 -3.363235 6.103515E-07
v -3.288475 -4.084296 7.629394E-07
v -2.044581 -5.700002 6.103515E-07
v -3.288475 -5.700002 7.438659E-07
v -3.288475 -7.315708 7.629394E-07
v -2.044582 -8.036769 6.103515E-07
v -3.292676 -7.401792 5.912781E-07
v -2.05128 -8.173989 6.103515E-07
v -3.305661 -7.486563 7.820129E-07
v -2.071978 -8.309119 6.103515E-07
v -3.322867 -7.560331 6.29425E-07
v -2.100692 -8.432238 6.29425E-07
v -3.349847 -7.631133 7.629394E-07
v -2.14572 -8.550408 6.103515E-07
v -3.380834 -7.700276 6.29425E-07
v -2.197439 -8.665806 6.103515E-07
v -3.42083 -7.764603 7.629394E-07
v -2.264193 -8.773169 6.103515E-07
v -3.465007 -7.82698 6.29425E-07
v -2.338861 -8.878589 6.103515E-07
v -3.51732 -7.88268 7.820129E-07
v -2.427274 -8.972729 6.103515E-07
vt 0.4001465 0.9013672
vt 0.01925659 0.9013672
vt 0.01925659 0.9892578
vt 0.4882813 0.9892578
vt 0.01925659 0.9013672
vt 0.01925659 0.9892578
vt 0.4020996 0.9892578
vt 0.4020996 0.9013672
vt 0.01925659 0.9013672
vt 0.4020996 0.9892578
vt 0.4020996 0.9013672
vt 0.01925659 0.9892578
vt 0.4020996 0.9892578
vt 0.4020996 0.9013672
vt 0.01294708 0.5415039
vt 0.04052734 0.5644531
vt 0.01294708 0.8759766
vt 0.06756592 0.5786133
vt 0.09991455 0.5957031
vt 0.1276855 0.6044922
vt 0.1641846 0.6157227
vt 0.1981201 0.6191406
vt 0.2340088 0.6225586
vt 0.395752 0.8759766
vt 0.395752 0.6225586
vt 0.01294708 0.8759766
vt 0.01294708 0.6225586
vt 0.395752 0.6225586
vt 0.395752 0.8759766
vt 0.01294708 0.8759766
vt 0.01294708 0.6225586
vt 0.4331055 0.4267578
vt 0.4970703 0.007480621
vt 0.498291 0.3613281
vt 0.01272583 0.009025574
vt 0.01272583 0.4938965
vt 0.3684082 0.4938965
vt 0.4331055 0.4267578
vt 0.498291 0.3613281
vt 0.4331055 0.4267578
vt 0.3684082 0.4938965
vt 0.01272583 0.4938965
vt 0.3684082 0.4938965
vt 0.4970703 0.007480621
vt 0.498291 0.3613281
vt 0.4331055 0.4267578
vt 0.3684082 0.4938965
vt 0.498291 0.3613281
vt 0.369873 0.5205078
vt 0.395752 0.5415039
vt 0.395752 0.8759766
vt 0.01474762 0.8759766
vt 0.395752 0.8759766
vt 0.395752 0.5415039
vt 0.6523438 0.7084961
vt 0.6494141 0.7392578
vt 0.6464844 0.7636719
vt 0.5083008 0.6264648
vt 0.4125977 0.7275391
vt 0.6396484 0.7875977
vt 0.6323242 0.8110352
vt 0.4165039 0.7314453
vt 0.5083008 0.4748535
vt 0.5405273 0.4379883
vt 0.6523438 0.1875
vt 0.5405273 0.1875
vt 0.5405273 0.4379883
vt 0.6523438 0.7084961
vt 0.5083008 0.4748535
vt 0.5083008 0.6264648
vt 0.4099121 0.7250977
vt 0.609375 0.8544922
vt 0.6171875 0.8393555
vt 0.5952148 0.871582
vt 0.5776367 0.8930664
vt 0.5981445 0.8681641
vt 0.609375 0.8544922
vt 0.6323242 0.8110352
vt 0.6196289 0.8349609
vt 0.6376953 0.7929688
vt 0.6464844 0.7636719
vt 0.6494141 0.737793
vt 0.6523438 0.7084961
vt 0.5083008 0.6264648
vt 0.5083008 0.4748535
vt 0.5405273 0.4379883
vt 0.6523438 0.1875
vt 0.5405273 0.1875
vt 0.5405273 0.4379883
vt 0.6523438 0.7084961
vt 0.5083008 0.4748535
vt 0.5083008 0.6264648
vt 0.4099121 0.7250977
vt 0.4125977 0.7275391
vt 0.6494141 0.737793
vt 0.6464844 0.7636719
vt 0.6376953 0.7929688
vt 0.6323242 0.8110352
vt 0.4165039 0.7314453
vt 0.6196289 0.8349609
vt 0.609375 0.8544922
vt 0.5981445 0.8681641
vt 0.5776367 0.8930664
vt 0.5952148 0.871582
vt 0.609375 0.8544922
vt 0.6171875 0.8393555
vt 0.6323242 0.8110352
vt 0.6396484 0.7875977
vt 0.6464844 0.7636719
vt 0.5083008 0.6264648
vt 0.6494141 0.7392578
vt 0.6523438 0.7084961
vt 0.5083008 0.4748535
vt 0.5405273 0.4379883
vt 0.6523438 0.1875
vt 0.5405273 0.1875
vt 0.5405273 0.4379883
vt 0.6523438 0.7084961
vt 0.5083008 0.4748535
vt 0.5083008 0.6264648
vt 0.6494141 0.7392578
vt 0.6464844 0.7636719
vt 0.4125977 0.7275391
vt 0.6396484 0.7875977
vt 0.6323242 0.8110352
vt 0.6171875 0.8393555
vt 0.4099121 0.7250977
vt 0.609375 0.8544922
vt 0.4165039 0.7314453
vt 0.5952148 0.871582
vt 0.5776367 0.8930664
vt 0.5981445 0.8681641
vt 0.609375 0.8544922
vt 0.6196289 0.8349609
vt 0.6323242 0.8110352
vt 0.6376953 0.7929688
vt 0.6464844 0.7636719
vt 0.6494141 0.737793
vt 0.6523438 0.7084961
vt 0.5083008 0.6264648
vt 0.5083008 0.4748535
vt 0.5405273 0.4379883
vt 0.6523438 0.1875
vt 0.5405273 0.1875
vt 0.5405273 0.4379883
vt 0.6523438 0.7084961
vt 0.5083008 0.4748535
vt 0.5083008 0.6264648
vt 0.4099121 0.7250977
vt 0.6494141 0.737793
vt 0.4125977 0.7275391
vt 0.6464844 0.7636719
vt 0.6376953 0.7929688
vt 0.6323242 0.8110352
vt 0.4165039 0.7314453
vt 0.609375 0.8544922
vt 0.6196289 0.8349609
vt 0.5981445 0.8681641
vt 0.5776367 0.8930664
vt 0.5952148 0.871582
vt 0.609375 0.8544922
vt 0.6323242 0.8110352
vt 0.6171875 0.8393555
vt 0.6396484 0.7875977
vt 0.6464844 0.7636719
vt 0.6494141 0.7392578
vt 0.4946289 0.9892578
vt 0.4946289 0.9013672
vt 0.1137695 0.9013672
vt 0.02581787 0.9892578
vt 0.5185547 0.9892578
vt 0.1356201 0.9892578
vt 0.1356201 0.9013672
vt 0.5185547 0.9013672
vt 0.5185547 0.9892578
vt 0.1356201 0.9013672
vt 0.5185547 0.9013672
vt 0.1356201 0.9892578
vt 0.5185547 0.9892578
vt 0.5185547 0.9013672
vt 0.01294708 0.5415039
vt 0.01294708 0.8759766
vt 0.04052734 0.5644531
vt 0.07336426 0.581543
vt 0.09991455 0.5957031
vt 0.1297607 0.6049805
vt 0.1641846 0.6157227
vt 0.2340088 0.6225586
vt 0.395752 0.8759766
vt 0.3000488 0.6225586
vt 0.395752 0.6225586
vt 0.395752 0.6225586
vt 0.01294708 0.6225586
vt 0.01294708 0.8759766
vt 0.395752 0.8759766
vt 0.01294708 0.8759766
vt 0.01294708 0.6225586
vt 0.01925659 0.9892578
vt 0.01925659 0.9013672
vt 0.4001465 0.9013672
vt 0.4882813 0.9892578
vt 0.01925659 0.9013672
vt 0.4020996 0.9013672
vt 0.4020996 0.9892578
vt 0.01925659 0.9892578
vt 0.01925659 0.9013672
vt 0.4020996 0.9013672
vt 0.4020996 0.9892578
vt 0.01925659 0.9892578
vt 0.4020996 0.9892578
vt 0.4020996 0.9013672
vt 0.01294708 0.5415039
vt 0.01294708 0.8759766
vt 0.04052734 0.5644531
vt 0.06756592 0.5786133
vt 0.09991455 0.5957031
vt 0.1276855 0.6044922
vt 0.1641846 0.6157227
vt 0.1981201 0.6191406
vt 0.2340088 0.6225586
vt 0.395752 0.8759766
vt 0.395752 0.6225586
vt 0.395752 0.6225586
vt 0.01294708 0.6225586
vt 0.01294708 0.8759766
vt 0.395752 0.8759766
vt 0.01294708 0.8759766
vt 0.01294708 0.6225586
vt 0.369873 0.5205078
vt 0.395752 0.8759766
vt 0.395752 0.5415039
vt 0.01474762 0.8759766
vt 0.395752 0.8759766
vt 0.395752 0.5415039
vt 0.4946289 0.9892578
vt 0.02581787 0.9892578
vt 0.1137695 0.9013672
vt 0.4946289 0.9013672
vt 0.1356201 0.9013672
vt 0.1356201 0.9892578
vt 0.5185547 0.9892578
vt 0.5185547 0.9013672
vt 0.01294708 0.5415039
vt 0.04052734 0.5644531
vt 0.01294708 0.8759766
vt 0.07336426 0.581543
vt 0.09991455 0.5957031
vt 0.1297607 0.6049805
vt 0.1641846 0.6157227
vt 0.2340088 0.6225586
vt 0.395752 0.8759766
vt 0.3000488 0.6225586
vt 0.395752 0.6225586
vt 0.01925659 0.9892578
vt 0.01925659 0.9013672
vt 0.4001465 0.9013672
vt 0.4882813 0.9892578
vt 0.01925659 0.9013672
vt 0.4020996 0.9013672
vt 0.4020996 0.9892578
vt 0.01925659 0.9892578
vt 0.01294708 0.5415039
vt 0.01294708 0.8759766
vt 0.04052734 0.5644531
vt 0.06756592 0.5786133
vt 0.09991455 0.5957031
vt 0.1276855 0.6044922
vt 0.1641846 0.6157227
vt 0.1981201 0.6191406
vt 0.2340088 0.6225586
vt 0.395752 0.8759766
vt 0.395752 0.6225586
vt 0.369873 0.5205078
vt 0.395752 0.8759766
vt 0.395752 0.5415039
vt 0.01474762 0.8759766
vt 0.395752 0.8759766
vt 0.395752 0.5415039
vt 0.4946289 0.9892578
vt 0.02581787 0.9892578
vt 0.1137695 0.9013672
vt 0.4946289 0.9013672
vt 0.1356201 0.9013672
vt 0.1356201 0.9892578
vt 0.5185547 0.9892578
vt 0.5185547 0.9013672
vt 0.1356201 0.9013672
vt 0.5185547 0.9892578
vt 0.5185547 0.9013672
vt 0.1356201 0.9892578
vt 0.5185547 0.9892578
vt 0.5185547 0.9013672
vt 0.01294708 0.5415039
vt 0.04052734 0.5644531
vt 0.01294708 0.8759766
vt 0.07336426 0.581543
vt 0.09991455 0.5957031
vt 0.1297607 0.6049805
vt 0.1641846 0.6157227
vt 0.2340088 0.6225586
vt 0.395752 0.8759766
vt 0.3000488 0.6225586
vt 0.395752 0.6225586
vt 0.01294708 0.8759766
vt 0.01294708 0.6225586
vt 0.395752 0.6225586
vt 0.395752 0.8759766
vt 0.01294708 0.8759766
vt 0.01294708 0.6225586
vt 0.4001465 0.9013672
vt 0.01925659 0.9013672
vt 0.01925659 0.9892578
vt 0.4882813 0.9892578
vt 0.01925659 0.9013672
vt 0.01925659 0.9892578
vt 0.4020996 0.9892578
vt 0.4020996 0.9013672
vt 0.01294708 0.5415039
vt 0.04052734 0.5644531
vt 0.01294708 0.8759766
vt 0.06756592 0.5786133
vt 0.09991455 0.5957031
vt 0.1276855 0.6044922
vt 0.1641846 0.6157227
vt 0.1981201 0.6191406
vt 0.2340088 0.6225586
vt 0.395752 0.8759766
vt 0.395752 0.6225586
vt 0.369873 0.5205078
vt 0.395752 0.5415039
vt 0.395752 0.8759766
vt 0.01474762 0.8759766
vt 0.395752 0.8759766
vt 0.395752 0.5415039
vt 0.4946289 0.9892578
vt 0.4946289 0.9013672
vt 0.1137695 0.9013672
vt 0.02581787 0.9892578
vt 0.5185547 0.9892578
vt 0.1356201 0.9892578
vt 0.1356201 0.9013672
vt 0.5185547 0.9013672
vt 0.01294708 0.5415039
vt 0.01294708 0.8759766
vt 0.04052734 0.5644531
vt 0.07336426 0.581543
vt 0.09991455 0.5957031
vt 0.1297607 0.6049805
vt 0.1641846 0.6157227
vt 0.2340088 0.6225586
vt 0.395752 0.8759766
vt 0.3000488 0.6225586
vt 0.395752 0.6225586
vt 0.2995605 0.5517578
vt 0.09851074 0.5537109
vt 0.2995605 0.5537109
vt 0.09851074 0.5517578
vt 0.2995605 0.550293
vt 0.09851074 0.550293
vt 0.2995605 0.5488281
vt 0.09851074 0.5488281
vt 0.2995605 0.5473633
vt 0.09851074 0.5473633
vt 0.2995605 0.5458984
vt 0.09851074 0.5458984
vt 0.2995605 0.5439453
vt 0.09851074 0.5439453
vt 0.2995605 0.5283203
vt 0.09851074 0.5302734
vt 0.2995605 0.5302734
vt 0.09851074 0.5283203
vt 0.2995605 0.5268555
vt 0.09851074 0.5268555
vt 0.2995605 0.5258789
vt 0.09851074 0.5258789
vt 0.2995605 0.5244141
vt 0.09851074 0.5244141
vt 0.2995605 0.5229492
vt 0.09851074 0.5229492
vt 0.2995605 0.5214844
vt 0.09851074 0.5214844
vt 0.9931641 0.06829834
vt 0.9916992 0.005256653
vt 0.9931641 0.005256653
vt 0.9916992 0.005256653
vt 0.9916992 0.06829834
vt 0.9902344 0.005256653
vt 0.9916992 0.06829834
vt 0.9902344 0.005256653
vt 0.9902344 0.06829834
vt 0.9887695 0.005256653
vt 0.9931641 0.121582
vt 0.9902344 0.06829834
vt 0.9887695 0.005256653
vt 0.9916992 0.121582
vt 0.9887695 0.06829834
vt 0.9868164 0.005256653
vt 0.9916992 0.121582
vt 0.9887695 0.06829834
vt 0.9868164 0.005256653
vt 0.9931641 0.1647949
vt 0.9916992 0.1647949
vt 0.9916992 0.1647949
vt 0.9902344 0.1647949
vt 0.9902344 0.1647949
vt 0.9902344 0.121582
vt 0.9887695 0.121582
vt 0.9887695 0.1647949
vt 0.9868164 0.1647949
vt 0.9868164 0.06829834
vt 0.9853516 0.005256653
vt 0.9902344 0.121582
vt 0.9887695 0.121582
vt 0.9887695 0.1647949
vt 0.9868164 0.1647949
vt 0.9868164 0.121582
vt 0.9853516 0.06829834
vt 0.9838867 0.005256653
vt 0.9853516 0.121582
vt 0.9853516 0.1647949
vt 0.9838867 0.1647949
vt 0.9838867 0.06829834
vt 0.9824219 0.005256653
vt 0.9838867 0.121582
vt 0.9824219 0.06829834
vt 0.9804688 0.005256653
vt 0.9824219 0.121582
vt 0.9824219 0.1647949
vt 0.9804688 0.1647949
vt 0.9804688 0.06829834
vt 0.8857422 0.005256653
vt 0.9804688 0.121582
vt 0.5332031 0.1647949
vt 0.5332031 0.005256653
vt 0.5332031 0.121582
vt 0.9804688 0.121582
vt 0.9804688 0.1647949
vt 0.8857422 0.005256653
vt 0.9824219 0.121582
vt 0.9824219 0.1647949
vt 0.9838867 0.1647949
vt 0.9804688 0.06829834
vt 0.9804688 0.005256653
vt 0.9824219 0.06829834
vt 0.9824219 0.005256653
vt 0.9838867 0.121582
vt 0.9838867 0.06829834
vt 0.9838867 0.005256653
vt 0.9853516 0.121582
vt 0.9853516 0.1647949
vt 0.9868164 0.1647949
vt 0.9853516 0.06829834
vt 0.9853516 0.005256653
vt 0.9868164 0.121582
vt 0.9868164 0.06829834
vt 0.9868164 0.005256653
vt 0.9887695 0.121582
vt 0.9887695 0.1647949
vt 0.9902344 0.1647949
vt 0.9887695 0.06829834
vt 0.9887695 0.005256653
vt 0.9902344 0.121582
vt 0.9902344 0.06829834
vt 0.9902344 0.005256653
vt 0.9916992 0.121582
vt 0.9916992 0.1647949
vt 0.9931641 0.1647949
vt 0.9916992 0.06829834
vt 0.9916992 0.005256653
vt 0.9931641 0.121582
vt 0.9931641 0.06829834
vt 0.9931641 0.005256653
vt 0.9916992 0.005256653
vt 0.9916992 0.06829834
vt 0.9902344 0.005256653
vt 0.9916992 0.121582
vt 0.9916992 0.1647949
vt 0.9902344 0.1647949
vt 0.9902344 0.06829834
vt 0.9887695 0.005256653
vt 0.9902344 0.121582
vt 0.9887695 0.06829834
vt 0.9868164 0.005256653
vt 0.9887695 0.121582
vt 0.9887695 0.1647949
vt 0.9868164 0.1647949
vt 0.9868164 0.06829834
vt 0.9853516 0.005256653
vt 0.9868164 0.121582
vt 0.9853516 0.06829834
vt 0.9838867 0.005256653
vt 0.9853516 0.121582
vt 0.9853516 0.1647949
vt 0.9838867 0.1647949
vt 0.9838867 0.06829834
vt 0.9824219 0.005256653
vt 0.9838867 0.121582
vt 0.9824219 0.06829834
vt 0.9804688 0.005256653
vt 0.9824219 0.121582
vt 0.9824219 0.1647949
vt 0.9804688 0.1647949
vt 0.9804688 0.06829834
vt 0.8857422 0.005256653
vt 0.9804688 0.121582
vt 0.5332031 0.1647949
vt 0.5332031 0.005256653
vt 0.5332031 0.121582
vt 0.9804688 0.121582
vt 0.9804688 0.1647949
vt 0.8857422 0.005256653
vt 0.9824219 0.121582
vt 0.9824219 0.1647949
vt 0.9838867 0.1647949
vt 0.9804688 0.06829834
vt 0.9804688 0.005256653
vt 0.9824219 0.06829834
vt 0.9824219 0.005256653
vt 0.9838867 0.121582
vt 0.9838867 0.06829834
vt 0.9838867 0.005256653
vt 0.9853516 0.121582
vt 0.9853516 0.1647949
vt 0.9868164 0.1647949
vt 0.9853516 0.06829834
vt 0.9853516 0.005256653
vt 0.9868164 0.121582
vt 0.9868164 0.06829834
vt 0.9868164 0.005256653
vt 0.9887695 0.121582
vt 0.9887695 0.1647949
vt 0.9902344 0.1647949
vt 0.9887695 0.06829834
vt 0.9887695 0.005256653
vt 0.9902344 0.121582
vt 0.9902344 0.06829834
vt 0.9902344 0.005256653
vt 0.9916992 0.121582
vt 0.9916992 0.1647949
vt 0.9931641 0.1647949
vt 0.9916992 0.06829834
vt 0.9916992 0.005256653
vt 0.9931641 0.121582
vt 0.9931641 0.06829834
vt 0.9931641 0.005256653
vt 0.9916992 0.005256653
vt 0.9916992 0.06829834
vt 0.9902344 0.005256653
vt 0.9916992 0.121582
vt 0.9916992 0.1647949
vt 0.9902344 0.1647949
vt 0.9902344 0.06829834
vt 0.9887695 0.005256653
vt 0.9902344 0.121582
vt 0.9887695 0.06829834
vt 0.9868164 0.005256653
vt 0.9887695 0.121582
vt 0.9887695 0.1647949
vt 0.9868164 0.1647949
vt 0.9868164 0.06829834
vt 0.9853516 0.005256653
vt 0.9868164 0.121582
vt 0.9853516 0.06829834
vt 0.9838867 0.005256653
vt 0.9853516 0.121582
vt 0.9853516 0.1647949
vt 0.9838867 0.1647949
vt 0.9838867 0.06829834
vt 0.9824219 0.005256653
vt 0.9838867 0.121582
vt 0.9824219 0.06829834
vt 0.9804688 0.005256653
vt 0.9824219 0.121582
vt 0.9824219 0.1647949
vt 0.9804688 0.1647949
vt 0.9804688 0.06829834
vt 0.8857422 0.005256653
vt 0.9804688 0.121582
vt 0.5332031 0.1647949
vt 0.5332031 0.005256653
vt 0.5332031 0.121582
vt 0.9804688 0.121582
vt 0.9804688 0.1647949
vt 0.8857422 0.005256653
vt 0.9824219 0.121582
vt 0.9824219 0.1647949
vt 0.9838867 0.1647949
vt 0.9804688 0.06829834
vt 0.9804688 0.005256653
vt 0.9824219 0.06829834
vt 0.9824219 0.005256653
vt 0.9838867 0.121582
vt 0.9838867 0.06829834
vt 0.9838867 0.005256653
vt 0.9853516 0.121582
vt 0.9853516 0.1647949
vt 0.9868164 0.1647949
vt 0.9853516 0.06829834
vt 0.9853516 0.005256653
vt 0.9868164 0.121582
vt 0.9868164 0.06829834
vt 0.9868164 0.005256653
vt 0.9887695 0.121582
vt 0.9887695 0.1647949
vt 0.9902344 0.1647949
vt 0.9887695 0.06829834
vt 0.9887695 0.005256653
vt 0.9902344 0.121582
vt 0.9902344 0.06829834
vt 0.9902344 0.005256653
vt 0.9916992 0.121582
vt 0.9916992 0.1647949
vt 0.9931641 0.1647949
vt 0.9916992 0.06829834
vt 0.9916992 0.005256653
vt 0.9931641 0.121582
vt 0.9931641 0.06829834
vt 0.9931641 0.005256653
vt 0.9916992 0.005256653
vt 0.9916992 0.06829834
vt 0.9902344 0.005256653
vt 0.9916992 0.121582
vt 0.9916992 0.1647949
vt 0.9902344 0.1647949
vt 0.9902344 0.06829834
vt 0.9887695 0.005256653
vt 0.9902344 0.121582
vt 0.9887695 0.06829834
vt 0.9868164 0.005256653
vt 0.9887695 0.121582
vt 0.9887695 0.1647949
vt 0.9868164 0.1647949
vt 0.9868164 0.06829834
vt 0.9853516 0.005256653
vt 0.9868164 0.121582
vt 0.9853516 0.06829834
vt 0.9838867 0.005256653
vt 0.9853516 0.121582
vt 0.9853516 0.1647949
vt 0.9838867 0.1647949
vt 0.9838867 0.06829834
vt 0.9824219 0.005256653
vt 0.9838867 0.121582
vt 0.9824219 0.06829834
vt 0.9804688 0.005256653
vt 0.9824219 0.121582
vt 0.9824219 0.1647949
vt 0.9804688 0.1647949
vt 0.9804688 0.06829834
vt 0.8857422 0.005256653
vt 0.9804688 0.121582
vt 0.5332031 0.1647949
vt 0.5332031 0.005256653
vt 0.5332031 0.121582
vt 0.9804688 0.121582
vt 0.9804688 0.1647949
vt 0.8857422 0.005256653
vt 0.9824219 0.121582
vt 0.9824219 0.1647949
vt 0.9838867 0.1647949
vt 0.9804688 0.06829834
vt 0.9804688 0.005256653
vt 0.9824219 0.06829834
vt 0.9824219 0.005256653
vt 0.9838867 0.121582
vt 0.9838867 0.06829834
vt 0.9838867 0.005256653
vt 0.9853516 0.121582
vt 0.9853516 0.1647949
vt 0.9853516 0.06829834
vt 0.9853516 0.005256653
vt 0.9868164 0.121582
vt 0.9868164 0.06829834
vt 0.7548828 0.90625
vt 0.5556641 0.90625
vt 0.5556641 0.9897461
vt 0.7548828 0.90625
vt 0.7836914 0.9316406
vt 0.7836914 0.9316406
vt 0.8774414 0.9897461
vt 0.9018555 0.9316406
vt 0.8774414 0.9897461
vt 0.9018555 0.9316406
vt 0.9873047 0.9316406
vt 0.9907227 0.9897461
vt 0.9873047 0.9316406
vt 0.9907227 0.9897461
vt 0.8774414 0.9897461
vt 0.9018555 0.9316406
vt 0.7836914 0.9316406
vt 0.8774414 0.9897461
vt 0.9018555 0.9316406
vt 0.7836914 0.9316406
vt 0.5556641 0.9897461
vt 0.5556641 0.9897461
vt 0.7548828 0.90625
vt 0.7548828 0.90625
vt 0.5556641 0.90625
vt 0.7548828 0.90625
vt 0.7836914 0.9316406
vt 0.5556641 0.90625
vt 0.7548828 0.90625
vt 0.7836914 0.9316406
vt 0.8774414 0.9897461
vt 0.9018555 0.9316406
vt 0.8774414 0.9897461
vt 0.9018555 0.9316406
vt 0.9873047 0.9316406
vt 0.9907227 0.9897461
vt 0.9873047 0.9316406
vt 0.9907227 0.9897461
vt 0.8774414 0.9897461
vt 0.9018555 0.9316406
vt 0.7836914 0.9316406
vt 0.8774414 0.9897461
vt 0.9018555 0.9316406
vt 0.7836914 0.9316406
vt 0.5556641 0.9897461
vt 0.7548828 0.90625
vt 0.7548828 0.90625
vt 0.5556641 0.90625
vt 0.9931641 0.1916504
vt 0.71875 0.5473633
vt 0.7192383 0.1914063
vt 0.71875 0.5473633
vt 0.9926758 0.706543
vt 0.9926758 0.706543
vt 0.7177734 0.5664063
vt 0.7177734 0.5664063
vt 0.9912109 0.7368164
vt 0.9912109 0.7368164
vt 0.7148438 0.5849609
vt 0.7148438 0.5849609
vt 0.9868164 0.7666016
vt 0.9868164 0.7666016
vt 0.7109375 0.6015625
vt 0.7109375 0.6015625
vt 0.9804688 0.7939453
vt 0.9804688 0.7939453
vt 0.7050781 0.6171875
vt 0.7050781 0.6171875
vt 0.9707031 0.8198242
vt 0.9707031 0.8198242
vt 0.6982422 0.6323242
vt 0.6982422 0.6323242
vt 0.9589844 0.8452148
vt 0.9589844 0.8452148
vt 0.6894531 0.6464844
vt 0.6894531 0.6464844
vt 0.9443359 0.8686523
vt 0.9443359 0.8686523
vt 0.6796875 0.6601563
vt 0.6796875 0.6601563
vt 0.9277344 0.8920898
vt 0.9277344 0.8920898
vt 0.6679688 0.6723633
vt 0.9082031 0.9125977
vt 0.9277344 0.8920898
vt 0.6796875 0.6601563
vt 0.9443359 0.8686523
vt 0.6894531 0.6464844
vt 0.9589844 0.8452148
vt 0.6982422 0.6323242
vt 0.9707031 0.8198242
vt 0.7050781 0.6171875
vt 0.9804688 0.7939453
vt 0.7109375 0.6015625
vt 0.9868164 0.7666016
vt 0.7148438 0.5849609
vt 0.9912109 0.7368164
vt 0.7177734 0.5664063
vt 0.9926758 0.706543
vt 0.71875 0.5473633
vt 0.9931641 0.1916504
vt 0.7192383 0.1914063
vt 0.71875 0.5473633
vt 0.9926758 0.706543
vt 0.7177734 0.5664063
vt 0.9912109 0.7368164
vt 0.7148438 0.5849609
vt 0.9868164 0.7666016
vt 0.7109375 0.6015625
vt 0.9804688 0.7939453
vt 0.7050781 0.6171875
vt 0.9707031 0.8198242
vt 0.6982422 0.6323242
vt 0.9589844 0.8452148
vt 0.6894531 0.6464844
vt 0.9443359 0.8686523
vt 0.6796875 0.6601563
vt 0.9277344 0.8920898
vt 0.6679688 0.6723633
vt 0.9082031 0.9125977
vt 0.9277344 0.8920898
vt 0.6796875 0.6601563
vt 0.9443359 0.8686523
vt 0.6894531 0.6464844
vt 0.9589844 0.8452148
vt 0.6982422 0.6323242
vt 0.9707031 0.8198242
vt 0.7050781 0.6171875
vt 0.9804688 0.7939453
vt 0.7109375 0.6015625
vt 0.9868164 0.7666016
vt 0.7148438 0.5849609
vt 0.9912109 0.7368164
vt 0.7177734 0.5664063
vt 0.9926758 0.706543
vt 0.71875 0.5473633
vt 0.9931641 0.1916504
vt 0.7192383 0.1914063
vt 0.71875 0.5473633
vt 0.9926758 0.706543
vt 0.7177734 0.5664063
vt 0.9912109 0.7368164
vt 0.7148438 0.5849609
vt 0.9868164 0.7666016
vt 0.7109375 0.6015625
vt 0.9804688 0.7939453
vt 0.7050781 0.6171875
vt 0.9707031 0.8198242
vt 0.6982422 0.6323242
vt 0.9589844 0.8452148
vt 0.6894531 0.6464844
vt 0.9443359 0.8686523
vt 0.6796875 0.6601563
vt 0.9277344 0.8920898
vt 0.6679688 0.6723633
vt 0.9082031 0.9125977
vt 0.9277344 0.8920898
vt 0.6796875 0.6601563
vt 0.9443359 0.8686523
vt 0.6894531 0.6464844
vt 0.9589844 0.8452148
vt 0.6982422 0.6323242
vt 0.9707031 0.8198242
vt 0.7050781 0.6171875
vt 0.9804688 0.7939453
vt 0.7109375 0.6015625
vt 0.9868164 0.7666016
vt 0.7148438 0.5849609
vt 0.9912109 0.7368164
vt 0.7177734 0.5664063
vt 0.9926758 0.706543
vt 0.71875 0.5473633
vt 0.9931641 0.1916504
vt 0.7192383 0.1914063
vt 0.71875 0.5473633
vt 0.9926758 0.706543
vt 0.7177734 0.5664063
vt 0.9912109 0.7368164
vt 0.7148438 0.5849609
vt 0.9868164 0.7666016
vt 0.7109375 0.6015625
vt 0.9804688 0.7939453
vt 0.7050781 0.6171875
vt 0.9707031 0.8198242
vt 0.6982422 0.6323242
vt 0.9589844 0.8452148
vt 0.6894531 0.6464844
vt 0.9443359 0.8686523
vt 0.6796875 0.6601563
vt 0.9277344 0.8920898
vt 0.6679688 0.6723633
vt 0.9082031 0.9125977
vn 0 0 1
vn 0 0 1
vn 0 0 1
vn 0 0 1
vn 0 0 1
vn 0 0 1
vn 0 0 1
vn 0 0 1
vn 0 0 1
vn 0 0 1
vn 0 0 1
vn 0 0 1
vn 0 0 1
vn 0 0 1
vn 0 0 1
vn 0 0 1
vn 0 0 1
vn 0 -1.192093E-07 1
vn 0 0 1
vn 1.192093E-07 0 1
vn 0 0 1
vn 0 0 1
vn 0 0 1
vn 0 0 1
vn 0 0 1
vn 0 0 1
vn 0 0 1
vn 0 0 1
vn 0 0 1
vn 0 0 1
vn 0 0 1
vn 0 0 1
vn 0 0 1
vn 0 0 1
vn 0 0 1
vn 0 0 1
vn 0 0 1
vn 0 0 1
vn 0 0 1
vn 0 0 1
vn 0 0 1
vn 0 0 1
vn 0 0 1
vn 0 0 1
vn 0 0 1
vn 0 0 1
vn 0 0 1
vn 0 0 1
vn 0 0 1
vn 0 0 1
vn 0 0 1
vn 0 0 1
vn 0 0 1
vn 0 0 1
vn 1.788139E-07 -5.364418E-07 1
vn 0 -7.748604E-07 1
vn -1.192093E-07 -2.980232E-07 1
vn 7.748604E-07 -4.768372E-07 1
vn 2.980232E-07 -2.384186E-07 1
vn -3.576279E-07 2.384186E-07 1
vn -3.576279E-07 1.788139E-07 1
vn -2.384186E-07 2.384186E-07 1
vn 1.132488E-06 0 1
vn 4.172325E-07 0 1
vn 4.172325E-07 0 1
vn 4.172325E-07 0 1
vn 4.172325E-07 0 1
vn 1.788139E-07 4.768372E-07 1
vn 1.192093E-06 0 1
vn 7.152557E-07 4.768372E-07 1
vn 8.940697E-07 -8.940697E-07 1
vn -3.576279E-07 1.788139E-07 1
vn -3.576279E-07 1.788139E-07 1
vn -4.172325E-07 1.788139E-07 1
vn -2.980232E-07 2.384186E-07 1
vn -1.192093E-07 3.576279E-07 1
vn -1.788139E-07 3.576279E-07 1
vn -1.192093E-07 3.576279E-07 1
vn -1.788139E-07 3.576279E-07 1
vn -1.192093E-07 3.576279E-07 1
vn 3.576279E-07 1.788139E-07 1
vn 7.748604E-07 0 1
vn 5.364418E-07 -1.788139E-07 1
vn 4.768372E-07 -7.152557E-07 1
vn 0 -1.132488E-06 1
vn 0 -3.576279E-07 1
vn 0 -4.768372E-07 1
vn 0 -4.768372E-07 1
vn 0 -3.576279E-07 1
vn -4.768372E-07 -1.788139E-07 1
vn 0 -1.132488E-06 1
vn -4.768372E-07 -7.152557E-07 1
vn -8.940697E-07 -8.940697E-07 1
vn -2.384186E-07 -2.980232E-07 1
vn -7.152557E-07 0 1
vn -2.980232E-07 1.788139E-07 1
vn 1.192093E-07 3.576279E-07 1
vn 1.192093E-07 3.576279E-07 1
vn 2.384186E-07 2.384186E-07 1
vn 1.788139E-07 3.576279E-07 1
vn 1.788139E-07 2.980232E-07 1
vn 2.384186E-07 2.980232E-07 1
vn 2.980232E-07 2.980232E-07 1
vn 2.980232E-07 2.384186E-07 1
vn 2.980232E-07 1.788139E-07 1
vn 3.576279E-07 1.788139E-07 1
vn 3.576279E-07 1.788139E-07 1
vn 3.576279E-07 2.384186E-07 1
vn 1.788139E-07 -2.980232E-07 1
vn -7.748604E-07 -4.768372E-07 1
vn 0 -8.34465E-07 1
vn -1.192093E-07 -5.364418E-07 1
vn -1.132488E-06 0 1
vn -3.576279E-07 0 1
vn -4.172325E-07 0 1
vn -4.172325E-07 0 1
vn -3.576279E-07 0 1
vn -1.192093E-07 5.364418E-07 1
vn -1.192093E-06 0 1
vn -7.152557E-07 4.768372E-07 1
vn 0 7.748604E-07 1
vn 1.192093E-07 2.980232E-07 1
vn -2.980232E-07 2.980232E-07 1
vn 2.980232E-07 -2.384186E-07 1
vn 2.980232E-07 -1.788139E-07 1
vn 3.576279E-07 -1.788139E-07 1
vn -8.940697E-07 8.940697E-07 1
vn 3.576279E-07 -1.788139E-07 1
vn 2.384186E-07 -2.384186E-07 1
vn 3.576279E-07 -1.192093E-07 1
vn 2.384186E-07 -2.980232E-07 1
vn 1.788139E-07 -4.172325E-07 1
vn 1.788139E-07 -3.576279E-07 1
vn 1.788139E-07 -3.576279E-07 1
vn 1.788139E-07 -3.576279E-07 1
vn 2.384186E-07 -3.576279E-07 1
vn -2.980232E-07 -1.192093E-07 1
vn -7.748604E-07 0 1
vn -5.364418E-07 1.788139E-07 1
vn -4.768372E-07 7.748604E-07 1
vn 0 1.192093E-06 1
vn 0 4.172325E-07 1
vn 0 4.768372E-07 1
vn 0 4.768372E-07 1
vn 0 4.172325E-07 1
vn 4.768372E-07 1.192093E-07 1
vn 0 1.072884E-06 1
vn 4.768372E-07 7.152557E-07 1
vn 8.940697E-07 8.34465E-07 1
vn 7.152557E-07 0 1
vn 2.980232E-07 2.384186E-07 1
vn 2.980232E-07 -1.788139E-07 1
vn -1.192093E-07 -3.576279E-07 1
vn -1.788139E-07 -3.576279E-07 1
vn -2.980232E-07 -2.980232E-07 1
vn -1.788139E-07 -3.576279E-07 1
vn -2.384186E-07 -2.980232E-07 1
vn 0 -4.768372E-07 1
vn -2.384186E-07 -2.384186E-07 1
vn -4.768372E-07 0 1
vn -3.576279E-07 -1.788139E-07 1
vn -3.576279E-07 -1.788139E-07 1
vn -2.980232E-07 -2.980232E-07 1
vn -3.576279E-07 -1.192093E-07 1
vn -1.788139E-07 2.980232E-07 1
vn 0 7.152557E-07 1
vn 0 0 1
vn 0 0 1
vn 0 0 1
vn 0 0 1
vn 0 0 1
vn 0 0 1
vn 0 0 1
vn 0 0 1
vn 0 0 1
vn 0 0 1
vn 0 0 1
vn 0 0 1
vn 0 0 1
vn 0 0 1
vn 0 0 1
vn 0 0 1
vn -1.192093E-07 0 1
vn 0 0 1
vn 1.192093E-07 0 1
vn 0 0 1
vn -1.192093E-07 -1.788139E-07 1
vn 0 0 1
vn 0 0 1
vn -1.192093E-07 0 1
vn 0 0 1
vn 0 0 1
vn 0 0 1
vn 0 0 1
vn 0 0 1
vn 0 0 1
vn 0 0 1
vn 0 0 1
vn 0 0 1
vn 0 0 1
vn 0 0 1
vn 0 0 1
vn 0 0 1
vn 0 0 1
vn 0 0 1
vn 0 0 1
vn 0 0 1
vn 0 0 1
vn 0 0 1
vn 0 0 1
vn 0 0 1
vn 0 0 1
vn 0 0 1
vn 0 1.192093E-07 1
vn 0 0 1
vn 0 0 1
vn -1.192093E-07 0 1
vn 0 0 1
vn 0 0 1
vn 0 0 1
vn 0 0 1
vn 0 0 1
vn 0 0 1
vn 0 0 1
vn 0 0 1
vn 0 0 1
vn 0 0 1
vn 0 0 1
vn 0 0 1
vn 0 0 1
vn 0 0 1
vn 0 0 1
vn 0 0 1
vn 0 0 1
vn 0 0 1
vn 0 0 1
vn 0 0 1
vn 0 0 1
vn 0 0 1
vn 0 0 1
vn 0 0 1
vn 0 0 1
vn 0 0 1
vn 0 0 1
vn 0 0 1
vn 0 0 1
vn 0 0 1
vn 0 -1.192093E-07 1
vn 0 -1.788139E-07 1
vn 0 0 1
vn 0 0 1
vn 1.788139E-07 0 1
vn 0 0 1
vn 0 0 1
vn 0 0 1
vn 0 0 1
vn 0 0 1
vn 0 0 1
vn 0 0 1
vn 0 0 1
vn 0 0 1
vn 0 0 1
vn 0 0 1
vn 0 0 1
vn 0 1.192093E-07 1
vn 0 0 1
vn 1.192093E-07 0 1
vn 0 0 1
vn 0 0 1
vn 0 0 1
vn 0 0 1
vn 0 0 1
vn 0 0 1
vn 0 0 1
vn 0 0 1
vn 0 0 1
vn 0 0 1
vn 0 0 1
vn 0 0 1
vn 0 0 1
vn 0 0 1
vn 0 0 1
vn 0 0 1
vn 0 0 1
vn 0 0 1
vn 0 0 1
vn 0 0 1
vn 0 0 1
vn 0 0 1
vn 0 0 1
vn 0 0 1
vn 0 0 1
vn 0 0 1
vn -1.192093E-07 0 1
vn 0 0 1
vn 0 0 1
vn 1.788139E-07 0 1
vn 0 0 1
vn -1.192093E-07 1.788139E-07 1
vn 0 0 1
vn 0 0 1
vn -1.192093E-07 0 1
vn 0 0 1
vn 0 0 1
vn 0 0 1
vn 0 0 1
vn 0 0 1
vn 0 0 1
vn 0 0 1
vn 0 0 1
vn 0 0 1
vn 0 0 1
vn 0 0 1
vn 0 0 1
vn 0 0 1
vn 0 0 1
vn 0 0 1
vn 0 -1.192093E-07 1
vn 0 -1.788139E-07 1
vn 0 0 1
vn 0 1.192093E-07 1
vn 0 0 1
vn -1.192093E-07 0 1
vn 0 1.192093E-07 1
vn 0 0 1
vn 0 0 1
vn 0 0 1
vn 0 0 1
vn 0 0 1
vn 0 -1.192093E-07 1
vn 0 0 1
vn 0 0 1
vn 0 0 1
vn 0 0 1
vn 0 0 1
vn 0 0 1
vn 0 0 1
vn 0 0 1
vn 0 0 1
vn 0 0 1
vn 0 0 1
vn 0 0 1
vn 0 0 1
vn 0 0 1
vn 0 0 1
vn 0 0 1
vn -1.192093E-07 0 1
vn 0 1.192093E-07 1
vn 0 1.788139E-07 1
vn 0 0 1
vn 0 0 1
vn 1.788139E-07 0 1
vn 0 0 1
vn -1 0 0
vn -1 0 0
vn -1 0 0
vn -1 0 0
vn -1 0 0
vn -1 0 0
vn -1 1.311302E-06 0
vn -1 1.311302E-06 0
vn -1 0 0
vn -1 0 0
vn -1 0 0
vn -1 0 0
vn -1 0 0
vn -1 0 0
vn 0 -1 0
vn 0 -1 0
vn 0 -1 0
vn 0 -1 0
vn 0 -1 0
vn 0 -1 0
vn -6.556511E-07 -1 0
vn -6.556511E-07 -1 0
vn 0 -1 0
vn 0 -1 0
vn -1.072884E-06 -1 0
vn -1.072884E-06 -1 0
vn -1.072884E-06 -1 0
vn -1.072884E-06 -1 0
vn 0 0 1
vn -1.192093E-07 -1.192093E-07 1
vn 1.788139E-07 1.788139E-07 1
vn 0 1.788139E-07 1
vn -1.192093E-07 -1.192093E-07 1
vn -1.192093E-07 -1.192093E-07 1
vn 0 1.788139E-07 1
vn 0 1.788139E-07 1
vn -1.192093E-07 -1.192093E-07 1
vn -2.980232E-07 -3.576279E-07 1
vn 0 0 1
vn 0 1.788139E-07 1
vn 1.788139E-07 2.980232E-07 1
vn 0 0 1
vn -2.980232E-07 -3.576279E-07 1
vn -2.980232E-07 -3.576279E-07 1
vn -1.192093E-07 0 1
vn 1.788139E-07 2.980232E-07 1
vn 1.788139E-07 2.980232E-07 1
vn 0 0 1
vn 0 0 1
vn -1.192093E-07 0 1
vn 0 0 1
vn -1.192093E-07 0 1
vn -1.192093E-07 0 1
vn 0 0 1
vn 0 0 1
vn 0 0 1
vn 1.788139E-07 2.980232E-07 1
vn 2.384186E-07 2.384186E-07 1
vn 0 0 1
vn 0 0 1
vn 0 0 1
vn 0 0 1
vn 0 0 1
vn 2.384186E-07 2.384186E-07 1
vn 2.384186E-07 2.384186E-07 1
vn 0 0 1
vn 0 0 1
vn 0 0 1
vn 2.384186E-07 2.384186E-07 1
vn 1.788139E-07 0 1
vn 0 0 1
vn 1.788139E-07 0 1
vn 1.788139E-07 0 1
vn -1.192093E-07 -1.192093E-07 1
vn -1.192093E-07 -1.192093E-07 1
vn -1.192093E-07 -1.192093E-07 1
vn 1.788139E-07 0 1
vn 0 1.788139E-07 1
vn -1.192093E-07 -1.192093E-07 1
vn 0 0 1
vn 0 1.788139E-07 1
vn 0 0 1
vn 1.788139E-07 0 1
vn 1.788139E-07 0 1
vn 0 1.788139E-07 1
vn 1.788139E-07 0 1
vn 1.788139E-07 0 1
vn 0 0 1
vn -1.788139E-07 0 1
vn -1.788139E-07 0 1
vn -1.788139E-07 0 1
vn -1.788139E-07 0 1
vn 0 0 1
vn -2.384186E-07 1.788139E-07 1
vn -2.384186E-07 1.788139E-07 1
vn 0 0 1
vn 0 0 1
vn 0 0 1
vn -2.384186E-07 1.788139E-07 1
vn -2.384186E-07 1.788139E-07 1
vn 0 0 1
vn -2.384186E-07 3.576279E-07 1
vn -2.384186E-07 3.576279E-07 1
vn 0 0 1
vn 0 0 1
vn 2.384186E-07 0 1
vn -2.384186E-07 3.576279E-07 1
vn -2.384186E-07 3.576279E-07 1
vn 2.384186E-07 0 1
vn -1.788139E-07 2.384186E-07 1
vn -1.788139E-07 2.384186E-07 1
vn 2.384186E-07 0 1
vn 2.384186E-07 0 1
vn 0 0 1
vn -1.788139E-07 2.384186E-07 1
vn -1.788139E-07 2.384186E-07 1
vn 0 0 1
vn 0 0 1
vn -1.192093E-07 1.192093E-07 1
vn 1.192093E-07 0 1
vn 1.192093E-07 0 1
vn 1.192093E-07 0 1
vn 0 0 1
vn 0 0 1
vn 0 0 1
vn 1.192093E-07 0 1
vn 2.384186E-07 -2.384186E-07 1
vn 0 0 1
vn 2.384186E-07 -2.384186E-07 1
vn 2.384186E-07 -2.384186E-07 1
vn 0 0 1
vn 0 0 1
vn 0 0 1
vn 2.384186E-07 -2.384186E-07 1
vn 1.788139E-07 -2.980232E-07 1
vn 0 0 1
vn 1.788139E-07 -2.980232E-07 1
vn 1.788139E-07 -2.980232E-07 1
vn 0 0 1
vn 0 0 1
vn 0 0 1
vn 1.788139E-07 -2.980232E-07 1
vn 1.192093E-07 0 1
vn 0 0 1
vn 1.192093E-07 0 1
vn 1.192093E-07 0 1
vn 0 0 1
vn 0 0 1
vn 0 0 1
vn 1.192093E-07 0 1
vn 1.788139E-07 0 1
vn 0 0 1
vn 0 0 1
vn 1.788139E-07 0 1
vn 0 0 1
vn 0 0 1
vn 0 0 1
vn 1.788139E-07 0 1
vn 0 0 1
vn 0 0 1
vn 0 0 1
vn 0 1.788139E-07 1
vn 0 1.788139E-07 1
vn 0 1.788139E-07 1
vn 0 1.788139E-07 1
vn 0 0 1
vn 1.788139E-07 2.384186E-07 1
vn 1.788139E-07 2.384186E-07 1
vn 0 0 1
vn 0 0 1
vn 0 0 1
vn 1.788139E-07 2.384186E-07 1
vn 1.788139E-07 2.384186E-07 1
vn 0 0 1
vn 2.384186E-07 2.384186E-07 1
vn 2.384186E-07 2.384186E-07 1
vn 0 0 1
vn 0 0 1
vn 0 0 1
vn 2.384186E-07 2.384186E-07 1
vn 2.384186E-07 2.384186E-07 1
vn 0 0 1
vn 1.192093E-07 0 1
vn 1.192093E-07 0 1
vn 0 0 1
vn 0 0 1
vn 0 0 1
vn 1.192093E-07 0 1
vn 1.192093E-07 0 1
vn 0 0 1
vn 0 0 1
vn 0 -1.192093E-07 1
vn -2.384186E-07 -1.788139E-07 1
vn -2.384186E-07 -1.788139E-07 1
vn -2.384186E-07 -1.788139E-07 1
vn 1.192093E-07 1.788139E-07 1
vn 1.192093E-07 1.788139E-07 1
vn 1.192093E-07 1.788139E-07 1
vn -2.384186E-07 -1.788139E-07 1
vn -2.384186E-07 -2.980232E-07 1
vn 1.192093E-07 1.788139E-07 1
vn -2.384186E-07 -2.980232E-07 1
vn -2.384186E-07 -2.980232E-07 1
vn 1.192093E-07 0 1
vn 1.192093E-07 0 1
vn 1.192093E-07 0 1
vn -2.384186E-07 -2.980232E-07 1
vn -3.576279E-07 -2.384186E-07 1
vn 1.192093E-07 0 1
vn -3.576279E-07 -2.384186E-07 1
vn -3.576279E-07 -2.384186E-07 1
vn 0 0 1
vn 0 0 1
vn 0 0 1
vn -3.576279E-07 -2.384186E-07 1
vn -1.788139E-07 0 1
vn 0 0 1
vn -1.788139E-07 0 1
vn -1.788139E-07 0 1
vn 0 0 1
vn 0 0 1
vn 0 0 1
vn -1.788139E-07 0 1
vn 0 -1.788139E-07 1
vn 0 0 1
vn 0 0 1
vn 0 -1.788139E-07 1
vn 0 0 1
vn 0 0 1
vn 0 0 1
vn 0 -1.788139E-07 1
vn 0 0 1
vn 0 0 1
vn 0 0 1
vn 1.788139E-07 0 1
vn 1.788139E-07 0 1
vn 1.788139E-07 0 1
vn 1.788139E-07 0 1
vn 0 0 1
vn 2.384186E-07 -1.788139E-07 1
vn 2.384186E-07 -1.788139E-07 1
vn 0 0 1
vn 0 0 1
vn 0 0 1
vn 2.384186E-07 -1.788139E-07 1
vn 2.384186E-07 -1.788139E-07 1
vn 0 0 1
vn 2.384186E-07 -2.384186E-07 1
vn 2.384186E-07 -2.384186E-07 1
vn 0 0 1
vn 0 0 1
vn -1.192093E-07 0 1
vn 2.384186E-07 -2.384186E-07 1
vn 2.384186E-07 -2.384186E-07 1
vn -1.192093E-07 0 1
vn 0 -1.788139E-07 1
vn 0 -1.788139E-07 1
vn -1.192093E-07 0 1
vn -1.192093E-07 0 1
vn 0 0 1
vn 0 -1.788139E-07 1
vn 0 -1.788139E-07 1
vn 0 0 1
vn 0 0 1
vn 1.192093E-07 -2.384186E-07 1
vn -1.788139E-07 1.192093E-07 1
vn -1.788139E-07 1.192093E-07 1
vn -1.788139E-07 1.192093E-07 1
vn 0 0 1
vn 0 0 1
vn 0 0 1
vn -1.788139E-07 1.192093E-07 1
vn -2.384186E-07 2.384186E-07 1
vn 0 0 1
vn -2.384186E-07 2.384186E-07 1
vn -2.384186E-07 2.384186E-07 1
vn 0 0 1
vn 0 0 1
vn 0 0 1
vn -2.384186E-07 2.384186E-07 1
vn -1.788139E-07 2.384186E-07 1
vn 0 0 1
vn -1.788139E-07 2.384186E-07 1
vn -1.788139E-07 2.384186E-07 1
vn 0 -1.788139E-07 1
vn 0 -1.788139E-07 1
vn 0 -1.788139E-07 1
vn -1.788139E-07 2.384186E-07 1
vn 0 1.788139E-07 1
vn 0 -1.788139E-07 1
vn 0 1.788139E-07 1
vn 0 1.788139E-07 1
vn 0 -1.192093E-07 1
vn 0 -1.192093E-07 1
vn 0 -1.192093E-07 1
vn 0 1.788139E-07 1
vn -2.384186E-07 0 1
vn 0 -1.192093E-07 1
vn 0 0 1
vn -2.384186E-07 0 1
vn 0 0 1
vn 0 1.192093E-07 1
vn 0 1.192093E-07 1
vn -2.384186E-07 0 1
vn 0 1.192093E-07 1
vn 0 1.192093E-07 1
vn 0 1.192093E-07 1
vn -1.788139E-07 -2.384186E-07 1
vn -1.788139E-07 -2.384186E-07 1
vn -1.788139E-07 -2.384186E-07 1
vn -1.788139E-07 -2.384186E-07 1
vn 0 1.192093E-07 1
vn -1.788139E-07 -1.788139E-07 1
vn -1.788139E-07 -1.788139E-07 1
vn 0 1.192093E-07 1
vn 0 1.192093E-07 1
vn -1.788139E-07 -1.788139E-07 1
vn -1.788139E-07 -1.788139E-07 1
vn 0 0 1
vn -2.980232E-07 -3.576279E-07 1
vn -1.192093E-07 1.132488E-06 1
vn 0 1.072884E-06 1
vn 0 1.847744E-06 1
vn 0 1.072884E-06 1
vn 0 1.192093E-06 1
vn 0 1.072884E-06 1
vn -7.152557E-07 1.609325E-06 1
vn -4.768372E-07 7.748604E-07 1
vn 6.556511E-07 1.609325E-06 1
vn 4.768372E-07 7.152557E-07 1
vn -8.940697E-07 8.940697E-07 1
vn -1.370907E-06 1.370907E-06 1
vn 8.940697E-07 8.34465E-07 1
vn 1.370907E-06 1.370907E-06 1
vn -1.66893E-06 6.556511E-07 1
vn -7.152557E-07 4.768372E-07 1
vn -1.192093E-06 0 1
vn 1.609325E-06 6.556511E-07 1
vn 7.152557E-07 4.768372E-07 1
vn 1.192093E-06 0 1
vn -1.907349E-06 0 1
vn 1.907349E-06 0 1
vn -1.132488E-06 1.192093E-07 1
vn 1.251698E-06 0 1
vn -1.072884E-06 0 1
vn -1.072884E-06 0 1
vn -1.132488E-06 0 1
vn 1.132488E-06 0 1
vn 1.132488E-06 0 1
vn 1.132488E-06 0 1
vn -1.609325E-06 -7.152557E-07 1
vn -7.748604E-07 -4.768372E-07 1
vn 1.609325E-06 -7.152557E-07 1
vn 7.748604E-07 -4.768372E-07 1
vn -8.940697E-07 -8.940697E-07 1
vn -1.370907E-06 -1.370907E-06 1
vn 8.940697E-07 -8.940697E-07 1
vn 1.370907E-06 -1.370907E-06 1
vn -7.152557E-07 -1.66893E-06 1
vn -4.768372E-07 -7.152557E-07 1
vn 0 -1.132488E-06 1
vn 7.152557E-07 -1.609325E-06 1
vn 4.768372E-07 -7.152557E-07 1
vn 0 -1.132488E-06 1
vn 0 -1.907349E-06 1
vn 0 -1.132488E-06 1
vn 0 -1.132488E-06 1
vn 0 -1.132488E-06 1
vn 0 -1.192093E-07 1
vn -6.556511E-07 3.576279E-07 1
vn 0 -1.192093E-07 1
vn 6.556511E-07 2.980232E-07 1
vn -6.556511E-07 3.576279E-07 1
vn 6.556511E-07 2.980232E-07 1
vn -6.556511E-07 3.576279E-07 1
vn 6.556511E-07 2.980232E-07 1
vn -6.556511E-07 3.576279E-07 1
vn 6.556511E-07 2.980232E-07 1
vn -6.556511E-07 4.172325E-07 1
vn 7.748604E-07 4.172325E-07 1
vn -6.556511E-07 4.172325E-07 1
vn 7.748604E-07 4.172325E-07 1
vn -6.556511E-07 4.172325E-07 1
vn 7.748604E-07 4.172325E-07 1
vn -6.556511E-07 4.172325E-07 1
vn 7.748604E-07 4.172325E-07 1
vn -5.364418E-07 3.576279E-07 1
vn 7.152557E-07 4.768372E-07 1
vn -5.364418E-07 3.576279E-07 1
vn 7.152557E-07 4.768372E-07 1
vn -5.364418E-07 3.576279E-07 1
vn 7.152557E-07 4.768372E-07 1
vn -5.364418E-07 3.576279E-07 1
vn 7.152557E-07 4.768372E-07 1
vn -2.384186E-07 1.192093E-07 1
vn 3.576279E-07 2.980232E-07 1
vn -2.384186E-07 1.192093E-07 1
vn 3.576279E-07 2.980232E-07 1
vn -2.384186E-07 1.192093E-07 1
vn 3.576279E-07 2.980232E-07 1
vn -2.384186E-07 1.192093E-07 1
vn 3.576279E-07 2.980232E-07 1
vn 4.768372E-07 -5.364418E-07 1
vn 4.768372E-07 -5.364418E-07 1
vn 3.576279E-07 -4.172325E-07 1
vn 3.576279E-07 -4.172325E-07 1
vn 3.576279E-07 -4.172325E-07 1
vn 3.576279E-07 -4.172325E-07 1
vn 4.172325E-07 -6.556511E-07 1
vn 4.172325E-07 -6.556511E-07 1
vn 4.172325E-07 -6.556511E-07 1
vn 4.172325E-07 -6.556511E-07 1
vn 3.576279E-07 -5.960464E-07 1
vn 3.576279E-07 -5.960464E-07 1
vn 3.576279E-07 -5.960464E-07 1
vn 3.576279E-07 -5.960464E-07 1
vn 2.980232E-07 -6.556511E-07 1
vn 2.980232E-07 -6.556511E-07 1
vn 2.980232E-07 -6.556511E-07 1
vn 2.980232E-07 -6.556511E-07 1
vn -1.192093E-07 0 1
vn -1.192093E-07 0 1
vn 4.768372E-07 8.940697E-07 1
vn 4.768372E-07 8.940697E-07 1
vn 4.768372E-07 8.940697E-07 1
vn 4.768372E-07 8.940697E-07 1
vn 4.768372E-07 7.748604E-07 1
vn 4.768372E-07 7.748604E-07 1
vn 4.768372E-07 7.748604E-07 1
vn 4.768372E-07 7.748604E-07 1
vn 2.980232E-07 4.768372E-07 1
vn 2.980232E-07 4.768372E-07 1
vn 2.980232E-07 4.768372E-07 1
vn 2.980232E-07 4.768372E-07 1
vn 5.364418E-07 6.556511E-07 1
vn 5.364418E-07 6.556511E-07 1
vn 5.364418E-07 6.556511E-07 1
vn 5.364418E-07 6.556511E-07 1
vn 4.768372E-07 5.364418E-07 1
vn 4.768372E-07 5.364418E-07 1
vn -3.576279E-07 -2.384186E-07 1
vn -3.576279E-07 -2.384186E-07 1
vn -3.576279E-07 -2.384186E-07 1
vn -3.576279E-07 -2.384186E-07 1
vn -5.364418E-07 -3.576279E-07 1
vn -5.364418E-07 -3.576279E-07 1
vn -5.364418E-07 -3.576279E-07 1
vn -5.364418E-07 -3.576279E-07 1
vn -6.556511E-07 -4.172325E-07 1
vn -6.556511E-07 -4.172325E-07 1
vn -6.556511E-07 -4.172325E-07 1
vn -6.556511E-07 -4.172325E-07 1
vn -7.748604E-07 -4.172325E-07 1
vn -7.748604E-07 -4.172325E-07 1
vn -7.748604E-07 -4.172325E-07 1
vn -7.748604E-07 -4.172325E-07 1
vn 0 1.192093E-07 1
vn 0 1.192093E-07 1
vn 4.768372E-07 -2.384186E-07 1
vn 4.768372E-07 -2.384186E-07 1
vn 4.768372E-07 -2.384186E-07 1
vn 4.768372E-07 -2.384186E-07 1
vn 7.748604E-07 -4.768372E-07 1
vn 7.748604E-07 -4.768372E-07 1
vn 7.748604E-07 -4.768372E-07 1
vn 7.748604E-07 -4.768372E-07 1
vn 4.768372E-07 -2.980232E-07 1
vn 4.768372E-07 -2.980232E-07 1
vn 4.768372E-07 -2.980232E-07 1
vn 4.768372E-07 -2.980232E-07 1
vn 3.576279E-07 -2.384186E-07 1
vn 3.576279E-07 -2.384186E-07 1
vn 3.576279E-07 -2.384186E-07 1
vn 3.576279E-07 -2.384186E-07 1
vn -4.172325E-07 4.768372E-07 1
vn -4.172325E-07 4.768372E-07 1
vn -4.172325E-07 5.364418E-07 1
vn -4.172325E-07 5.364418E-07 1
vn -4.172325E-07 5.364418E-07 1
vn -4.172325E-07 5.364418E-07 1
vn -3.576279E-07 5.364418E-07 1
vn -3.576279E-07 5.364418E-07 1
vn -3.576279E-07 5.364418E-07 1
vn -3.576279E-07 5.364418E-07 1
vn -4.768372E-07 7.748604E-07 1
vn -4.768372E-07 7.748604E-07 1
vn -4.768372E-07 7.748604E-07 1
vn -4.768372E-07 7.748604E-07 1
vn -4.172325E-07 7.748604E-07 1
vn -4.172325E-07 7.748604E-07 1
vn -4.172325E-07 7.748604E-07 1
vn -4.172325E-07 7.748604E-07 1
vn 1.192093E-07 0 1
vn 1.192093E-07 0 1
vn -4.172325E-07 -7.748604E-07 1
vn -4.172325E-07 -7.748604E-07 1
vn -4.172325E-07 -7.748604E-07 1
vn -4.172325E-07 -7.748604E-07 1
vn -3.576279E-07 -5.960464E-07 1
vn -3.576279E-07 -5.960464E-07 1
vn -3.576279E-07 -5.960464E-07 1
vn -3.576279E-07 -5.960464E-07 1
vn -3.576279E-07 -5.364418E-07 1
vn -3.576279E-07 -5.364418E-07 1
vn -3.576279E-07 -5.364418E-07 1
vn -3.576279E-07 -5.364418E-07 1
vn -4.172325E-07 -5.364418E-07 1
vn -4.172325E-07 -5.364418E-07 1
vn -4.172325E-07 -5.364418E-07 1
vn -4.172325E-07 -5.364418E-07 1
vn -4.172325E-07 -4.768372E-07 1
vn -4.172325E-07 -4.768372E-07 1
g my_millenniumlounge_01_tile_20x20_0
f 3/3/3 2/2/2 1/1/1
f 4/4/4 3/3/3 1/1/1
f 7/7/7 6/6/6 5/5/5
f 8/8/8 7/7/7 5/5/5
f 11/11/11 10/10/10 9/9/9
f 10/10/10 12/12/12 9/9/9
f 12/12/12 13/13/13 9/9/9
f 13/13/13 14/14/14 9/9/9
f 17/17/17 16/16/16 15/15/15
f 17/17/17 18/18/18 16/16/16
f 19/19/19 18/18/18 17/17/17
f 17/17/17 20/20/20 19/19/19
f 21/21/21 20/20/20 17/17/17
f 17/17/17 22/22/22 21/21/21
f 23/23/23 22/22/22 17/17/17
f 24/24/24 23/23/23 17/17/17
f 24/24/24 25/25/25 23/23/23
f 28/28/28 27/27/27 26/26/26
f 29/29/29 28/28/28 26/26/26
f 29/29/29 30/30/30 28/28/28
f 30/30/30 31/31/31 28/28/28
f 34/34/34 33/33/33 32/32/32
f 33/33/33 35/35/35 32/32/32
f 32/32/32 35/35/35 36/36/36
f 37/37/37 32/32/32 36/36/36
f 38/38/38 35/35/35 33/33/33
f 39/39/39 38/38/38 33/33/33
f 36/36/36 35/35/35 40/40/40
f 41/41/41 36/36/36 40/40/40
f 42/42/42 35/35/35 38/38/38
f 43/43/43 42/42/42 38/38/38
f 40/40/40 35/35/35 44/44/44
f 45/45/45 40/40/40 44/44/44
f 46/46/46 35/35/35 42/42/42
f 44/44/44 35/35/35 46/46/46
f 47/47/47 46/46/46 42/42/42
f 48/48/48 44/44/44 46/46/46
f 51/51/51 50/50/50 49/49/49
f 52/52/52 51/51/51 49/49/49
f 53/53/53 52/52/52 49/49/49
f 54/54/54 53/53/53 49/49/49
f 57/57/57 56/56/56 55/55/55
f 57/57/57 55/55/55 58/58/58
f 59/59/59 57/57/57 58/58/58
f 60/60/60 57/57/57 59/59/59
f 61/61/61 60/60/60 59/59/59
f 61/61/61 59/59/59 62/62/62
f 55/55/55 63/63/63 58/58/58
f 55/55/55 64/64/64 63/63/63
f 55/55/55 65/65/65 64/64/64
f 65/65/65 66/66/66 64/64/64
f 66/66/66 65/65/65 67/67/67
f 65/65/65 68/68/68 67/67/67
f 67/67/67 68/68/68 69/69/69
f 69/69/69 68/68/68 70/70/70
f 58/58/58 71/71/71 59/59/59
f 62/62/62 72/72/72 61/61/61
f 72/72/72 73/73/73 61/61/61
f 74/74/74 72/72/72 62/62/62
f 75/75/75 74/74/74 62/62/62
f 76/76/76 75/75/75 62/62/62
f 77/77/77 76/76/76 62/62/62
f 78/78/78 77/77/77 62/62/62
f 62/62/62 59/59/59 78/78/78
f 78/78/78 79/79/79 77/77/77
f 78/78/78 59/59/59 80/80/80
f 59/59/59 81/81/81 80/80/80
f 82/82/82 81/81/81 59/59/59
f 82/82/82 59/59/59 71/71/71
f 83/83/83 82/82/82 71/71/71
f 71/71/71 84/84/84 83/83/83
f 85/85/85 83/83/83 84/84/84
f 86/86/86 83/83/83 85/85/85
f 87/87/87 83/83/83 86/86/86
f 88/88/88 87/87/87 86/86/86
f 87/87/87 88/88/88 89/89/89
f 90/90/90 87/87/87 89/89/89
f 90/90/90 89/89/89 91/91/91
f 90/90/90 91/91/91 92/92/92
f 90/90/90 92/92/92 93/93/93
f 90/90/90 93/93/93 94/94/94
f 95/95/95 90/90/90 94/94/94
f 94/94/94 96/96/96 95/95/95
f 97/97/97 96/96/96 94/94/94
f 98/98/98 97/97/97 94/94/94
f 98/98/98 94/94/94 99/99/99
f 100/100/100 98/98/98 99/99/99
f 99/99/99 101/101/101 100/100/100
f 102/102/102 101/101/101 99/99/99
f 103/103/103 102/102/102 99/99/99
f 104/104/104 103/103/103 99/99/99
f 105/105/105 104/104/104 99/99/99
f 105/105/105 99/99/99 94/94/94
f 106/106/106 105/105/105 94/94/94
f 94/94/94 107/107/107 106/106/106
f 107/107/107 94/94/94 108/108/108
f 94/94/94 109/109/109 108/108/108
f 109/109/109 94/94/94 110/110/110
f 94/94/94 93/93/93 110/110/110
f 111/111/111 109/109/109 110/110/110
f 110/110/110 112/112/112 111/111/111
f 113/113/113 112/112/112 110/110/110
f 114/114/114 112/112/112 113/113/113
f 115/115/115 112/112/112 114/114/114
f 116/116/116 115/115/115 114/114/114
f 115/115/115 116/116/116 117/117/117
f 118/118/118 115/115/115 117/117/117
f 118/118/118 117/117/117 119/119/119
f 118/118/118 119/119/119 120/120/120
f 121/121/121 118/118/118 120/120/120
f 120/120/120 122/122/122 121/121/121
f 120/120/120 123/123/123 122/122/122
f 124/124/124 122/122/122 123/123/123
f 125/125/125 124/124/124 123/123/123
f 126/126/126 125/125/125 123/123/123
f 120/120/120 127/127/127 123/123/123
f 123/123/123 128/128/128 126/126/126
f 123/123/123 129/129/129 128/128/128
f 130/130/130 128/128/128 129/129/129
f 131/131/131 130/130/130 129/129/129
f 132/132/132 131/131/131 129/129/129
f 133/133/133 132/132/132 129/129/129
f 134/134/134 133/133/133 129/129/129
f 129/129/129 135/135/135 134/134/134
f 129/129/129 123/123/123 135/135/135
f 135/135/135 123/123/123 136/136/136
f 123/123/123 137/137/137 136/136/136
f 138/138/138 137/137/137 123/123/123
f 123/123/123 139/139/139 138/138/138
f 123/123/123 127/127/127 139/139/139
f 127/127/127 140/140/140 139/139/139
f 141/141/141 139/139/139 140/140/140
f 142/142/142 139/139/139 141/141/141
f 143/143/143 139/139/139 142/142/142
f 144/144/144 143/143/143 142/142/142
f 143/143/143 144/144/144 145/145/145
f 146/146/146 143/143/143 145/145/145
f 146/146/146 145/145/145 147/147/147
f 146/146/146 147/147/147 148/148/148
f 146/146/146 148/148/148 149/149/149
f 149/149/149 150/150/150 146/146/146
f 149/149/149 151/151/151 150/150/150
f 151/151/151 152/152/152 150/150/150
f 153/153/153 152/152/152 151/151/151
f 151/151/151 149/149/149 70/70/70
f 154/154/154 153/153/153 151/151/151
f 154/154/154 151/151/151 155/155/155
f 155/155/155 156/156/156 154/154/154
f 156/156/156 157/157/157 154/154/154
f 158/158/158 156/156/156 155/155/155
f 159/159/159 158/158/158 155/155/155
f 160/160/160 159/159/159 155/155/155
f 161/161/161 160/160/160 155/155/155
f 162/162/162 161/161/161 155/155/155
f 155/155/155 151/151/151 162/162/162
f 162/162/162 163/163/163 161/161/161
f 162/162/162 151/151/151 164/164/164
f 151/151/151 165/165/165 164/164/164
f 70/70/70 165/165/165 151/151/151
f 70/70/70 68/68/68 165/165/165
f 68/68/68 166/166/166 165/165/165
f 169/169/169 168/168/168 167/167/167
f 170/170/170 169/169/169 167/167/167
f 173/173/173 172/172/172 171/171/171
f 174/174/174 173/173/173 171/171/171
f 177/177/177 176/176/176 175/175/175
f 176/176/176 178/178/178 175/175/175
f 179/179/179 178/178/178 176/176/176
f 180/180/180 179/179/179 176/176/176
f 183/183/183 182/182/182 181/181/181
f 184/184/184 182/182/182 183/183/183
f 185/185/185 182/182/182 184/184/184
f 186/186/186 182/182/182 185/185/185
f 187/187/187 182/182/182 186/186/186
f 182/182/182 187/187/187 188/188/188
f 189/189/189 182/182/182 188/188/188
f 188/188/188 190/190/190 189/189/189
f 191/191/191 189/189/189 190/190/190
f 194/194/194 193/193/193 192/192/192
f 195/195/195 194/194/194 192/192/192
f 195/195/195 192/192/192 196/196/196
f 192/192/192 197/197/197 196/196/196
f 200/200/200 199/199/199 198/198/198
f 201/201/201 200/200/200 198/198/198
f 204/204/204 203/203/203 202/202/202
f 205/205/205 204/204/204 202/202/202
f 208/208/208 207/207/207 206/206/206
f 209/209/209 208/208/208 206/206/206
f 210/210/210 209/209/209 206/206/206
f 211/211/211 210/210/210 206/206/206
f 214/214/214 213/213/213 212/212/212
f 215/215/215 213/213/213 214/214/214
f 215/215/215 216/216/216 213/213/213
f 217/217/217 213/213/213 216/216/216
f 217/217/217 218/218/218 213/213/213
f 219/219/219 213/213/213 218/218/218
f 219/219/219 220/220/220 213/213/213
f 220/220/220 221/221/221 213/213/213
f 222/222/222 221/221/221 220/220/220
f 225/225/225 224/224/224 223/223/223
f 226/226/226 225/225/225 223/223/223
f 226/226/226 223/223/223 227/227/227
f 223/223/223 228/228/228 227/227/227
f 231/231/231 230/230/230 229/229/229
f 230/230/230 232/232/232 229/229/229
f 232/232/232 233/233/233 229/229/229
f 233/233/233 234/234/234 229/229/229
f 237/237/237 236/236/236 235/235/235
f 238/238/238 237/237/237 235/235/235
f 241/241/241 240/240/240 239/239/239
f 242/242/242 241/241/241 239/239/239
f 245/245/245 244/244/244 243/243/243
f 245/245/245 246/246/246 244/244/244
f 245/245/245 247/247/247 246/246/246
f 245/245/245 248/248/248 247/247/247
f 245/245/245 249/249/249 248/248/248
f 250/250/250 249/249/249 245/245/245
f 251/251/251 250/250/250 245/245/245
f 252/252/252 250/250/250 251/251/251
f 251/251/251 253/253/253 252/252/252
f 256/256/256 255/255/255 254/254/254
f 257/257/257 256/256/256 254/254/254
f 260/260/260 259/259/259 258/258/258
f 261/261/261 260/260/260 258/258/258
f 264/264/264 263/263/263 262/262/262
f 265/265/265 263/263/263 264/264/264
f 265/265/265 266/266/266 263/263/263
f 267/267/267 263/263/263 266/266/266
f 267/267/267 268/268/268 263/263/263
f 269/269/269 263/263/263 268/268/268
f 269/269/269 270/270/270 263/263/263
f 270/270/270 271/271/271 263/263/263
f 272/272/272 271/271/271 270/270/270
f 275/275/275 274/274/274 273/273/273
f 274/274/274 276/276/276 273/273/273
f 276/276/276 277/277/277 273/273/273
f 277/277/277 278/278/278 273/273/273
f 281/281/281 280/280/280 279/279/279
f 282/282/282 281/281/281 279/279/279
f 285/285/285 284/284/284 283/283/283
f 286/286/286 285/285/285 283/283/283
f 289/289/289 288/288/288 287/287/287
f 288/288/288 290/290/290 287/287/287
f 287/287/287 290/290/290 291/291/291
f 292/292/292 287/287/287 291/291/291
f 295/295/295 294/294/294 293/293/293
f 295/295/295 296/296/296 294/294/294
f 295/295/295 297/297/297 296/296/296
f 295/295/295 298/298/298 297/297/297
f 295/295/295 299/299/299 298/298/298
f 300/300/300 299/299/299 295/295/295
f 301/301/301 300/300/300 295/295/295
f 302/302/302 300/300/300 301/301/301
f 301/301/301 303/303/303 302/302/302
f 306/306/306 305/305/305 304/304/304
f 307/307/307 306/306/306 304/304/304
f 307/307/307 308/308/308 306/306/306
f 308/308/308 309/309/309 306/306/306
f 312/312/312 311/311/311 310/310/310
f 313/313/313 312/312/312 310/310/310
f 316/316/316 315/315/315 314/314/314
f 317/317/317 316/316/316 314/314/314
f 320/320/320 319/319/319 318/318/318
f 320/320/320 321/321/321 319/319/319
f 322/322/322 321/321/321 320/320/320
f 320/320/320 323/323/323 322/322/322
f 324/324/324 323/323/323 320/320/320
f 320/320/320 325/325/325 324/324/324
f 326/326/326 325/325/325 320/320/320
f 327/327/327 326/326/326 320/320/320
f 327/327/327 328/328/328 326/326/326
f 331/331/331 330/330/330 329/329/329
f 332/332/332 331/331/331 329/329/329
f 333/333/333 332/332/332 329/329/329
f 334/334/334 333/333/333 329/329/329
f 337/337/337 336/336/336 335/335/335
f 338/338/338 337/337/337 335/335/335
f 341/341/341 340/340/340 339/339/339
f 342/342/342 341/341/341 339/339/339
f 345/345/345 344/344/344 343/343/343
f 346/346/346 344/344/344 345/345/345
f 347/347/347 344/344/344 346/346/346
f 348/348/348 344/344/344 347/347/347
f 349/349/349 344/344/344 348/348/348
f 344/344/344 349/349/349 350/350/350
f 351/351/351 344/344/344 350/350/350
f 350/350/350 352/352/352 351/351/351
f 353/353/353 351/351/351 352/352/352
f 356/356/356 355/355/355 354/354/354
f 355/355/355 357/357/357 354/354/354
f 354/354/354 357/357/357 358/358/358
f 357/357/357 359/359/359 358/358/358
f 358/358/358 359/359/359 360/360/360
f 359/359/359 361/361/361 360/360/360
f 360/360/360 361/361/361 362/362/362
f 361/361/361 363/363/363 362/362/362
f 362/362/362 363/363/363 364/364/364
f 363/363/363 365/365/365 364/364/364
f 364/364/364 365/365/365 366/366/366
f 365/365/365 367/367/367 366/366/366
f 370/370/370 369/369/369 368/368/368
f 369/369/369 371/371/371 368/368/368
f 368/368/368 371/371/371 372/372/372
f 371/371/371 373/373/373 372/372/372
f 372/372/372 373/373/373 374/374/374
f 373/373/373 375/375/375 374/374/374
f 374/374/374 375/375/375 376/376/376
f 375/375/375 377/377/377 376/376/376
f 376/376/376 377/377/377 378/378/378
f 377/377/377 379/379/379 378/378/378
f 378/378/378 379/379/379 380/380/380
f 379/379/379 381/381/381 380/380/380
f 384/384/384 383/383/383 382/382/382
f 384/384/384 382/382/382 385/385/385
f 383/383/383 386/386/386 382/382/382
f 386/386/386 383/383/383 387/387/387
f 382/382/382 388/388/388 385/385/385
f 385/385/385 388/388/388 389/389/389
f 390/390/390 386/386/386 387/387/387
f 387/387/387 391/391/391 390/390/390
f 382/382/382 386/386/386 392/392/392
f 382/382/382 392/392/392 388/388/388
f 388/388/388 393/393/393 389/389/389
f 389/389/389 393/393/393 394/394/394
f 395/395/395 386/386/386 390/390/390
f 386/386/386 395/395/395 392/392/392
f 391/391/391 396/396/396 390/390/390
f 396/396/396 391/391/391 397/397/397
f 392/392/392 398/398/398 388/388/388
f 393/393/393 388/388/388 398/398/398
f 393/393/393 399/399/399 394/394/394
f 394/394/394 399/399/399 400/400/400
f 392/392/392 395/395/395 401/401/401
f 392/392/392 401/401/401 398/398/398
f 395/395/395 402/402/402 401/401/401
f 401/401/401 403/403/403 398/398/398
f 402/402/402 395/395/395 404/404/404
f 403/403/403 405/405/405 398/398/398
f 406/406/406 393/393/393 398/398/398
f 405/405/405 406/406/406 398/398/398
f 393/393/393 406/406/406 399/399/399
f 406/406/406 405/405/405 407/407/407
f 406/406/406 407/407/407 399/399/399
f 405/405/405 408/408/408 407/407/407
f 408/408/408 409/409/409 407/407/407
f 399/399/399 410/410/410 400/400/400
f 410/410/410 399/399/399 407/407/407
f 400/400/400 410/410/410 411/411/411
f 395/395/395 412/412/412 404/404/404
f 412/412/412 395/395/395 390/390/390
f 390/390/390 396/396/396 412/412/412
f 412/412/412 413/413/413 404/404/404
f 396/396/396 413/413/413 412/412/412
f 413/413/413 414/414/414 404/404/404
f 414/414/414 413/413/413 415/415/415
f 409/409/409 416/416/416 407/407/407
f 416/416/416 410/410/410 407/407/407
f 410/410/410 417/417/417 411/411/411
f 410/410/410 416/416/416 417/417/417
f 411/411/411 417/417/417 418/418/418
f 416/416/416 409/409/409 419/419/419
f 416/416/416 419/419/419 417/417/417
f 409/409/409 420/420/420 419/419/419
f 420/420/420 421/421/421 419/419/419
f 417/417/417 422/422/422 418/418/418
f 422/422/422 417/417/417 419/419/419
f 418/418/418 422/422/422 423/423/423
f 421/421/421 424/424/424 419/419/419
f 424/424/424 422/422/422 419/419/419
f 422/422/422 425/425/425 423/423/423
f 422/422/422 424/424/424 425/425/425
f 423/423/423 425/425/425 426/426/426
f 424/424/424 421/421/421 427/427/427
f 424/424/424 427/427/427 425/425/425
f 421/421/421 428/428/428 427/427/427
f 428/428/428 429/429/429 427/427/427
f 425/425/425 430/430/430 426/426/426
f 430/430/430 425/425/425 427/427/427
f 426/426/426 430/430/430 431/431/431
f 429/429/429 432/432/432 427/427/427
f 432/432/432 430/430/430 427/427/427
f 431/431/431 430/430/430 432/432/432
f 429/429/429 433/433/433 432/432/432
f 431/431/431 432/432/432 434/434/434
f 433/433/433 435/435/435 432/432/432
f 432/432/432 435/435/435 434/434/434
f 436/436/436 435/435/435 433/433/433
f 435/435/435 436/436/436 434/434/434
f 437/437/437 436/436/436 433/433/433
f 436/436/436 438/438/438 434/434/434
f 439/439/439 436/436/436 437/437/437
f 440/440/440 439/439/439 437/437/437
f 440/440/440 441/441/441 439/439/439
f 442/442/442 438/438/438 436/436/436
f 436/436/436 439/439/439 442/442/442
f 442/442/442 443/443/443 438/438/438
f 442/442/442 444/444/444 443/443/443
f 439/439/439 444/444/444 442/442/442
f 444/444/444 445/445/445 443/443/443
f 441/441/441 446/446/446 439/439/439
f 444/444/444 439/439/439 446/446/446
f 445/445/445 444/444/444 447/447/447
f 447/447/447 444/444/444 446/446/446
f 448/448/448 445/445/445 447/447/447
f 449/449/449 446/446/446 441/441/441
f 446/446/446 449/449/449 447/447/447
f 450/450/450 449/449/449 441/441/441
f 450/450/450 451/451/451 449/449/449
f 447/447/447 452/452/452 448/448/448
f 449/449/449 452/452/452 447/447/447
f 452/452/452 453/453/453 448/448/448
f 451/451/451 454/454/454 449/449/449
f 452/452/452 449/449/449 454/454/454
f 453/453/453 452/452/452 455/455/455
f 455/455/455 452/452/452 454/454/454
f 456/456/456 453/453/453 455/455/455
f 457/457/457 454/454/454 451/451/451
f 454/454/454 457/457/457 455/455/455
f 458/458/458 457/457/457 451/451/451
f 458/458/458 459/459/459 457/457/457
f 455/455/455 460/460/460 456/456/456
f 457/457/457 460/460/460 455/455/455
f 460/460/460 461/461/461 456/456/456
f 459/459/459 462/462/462 457/457/457
f 460/460/460 457/457/457 462/462/462
f 461/461/461 460/460/460 463/463/463
f 463/463/463 460/460/460 462/462/462
f 464/464/464 461/461/461 463/463/463
f 465/465/465 462/462/462 459/459/459
f 462/462/462 465/465/465 463/463/463
f 466/466/466 465/465/465 459/459/459
f 466/466/466 467/467/467 465/465/465
f 463/463/463 468/468/468 464/464/464
f 465/465/465 468/468/468 463/463/463
f 468/468/468 469/469/469 464/464/464
f 467/467/467 470/470/470 465/465/465
f 468/468/468 465/465/465 470/470/470
f 469/469/469 468/468/468 471/471/471
f 471/471/471 468/468/468 470/470/470
f 472/472/472 469/469/469 471/471/471
f 473/473/473 472/472/472 471/471/471
f 474/474/474 473/473/473 471/471/471
f 471/471/471 470/470/470 474/474/474
f 473/473/473 474/474/474 475/475/475
f 470/470/470 467/467/467 476/476/476
f 470/470/470 476/476/476 474/474/474
f 467/467/467 477/477/477 476/476/476
f 477/477/477 478/478/478 476/476/476
f 474/474/474 479/479/479 475/475/475
f 474/474/474 476/476/476 479/479/479
f 480/480/480 475/475/475 479/479/479
f 478/478/478 481/481/481 476/476/476
f 476/476/476 481/481/481 479/479/479
f 482/482/482 480/480/480 479/479/479
f 479/479/479 481/481/481 482/482/482
f 480/480/480 482/482/482 483/483/483
f 481/481/481 478/478/478 484/484/484
f 481/481/481 484/484/484 482/482/482
f 478/478/478 485/485/485 484/484/484
f 485/485/485 486/486/486 484/484/484
f 482/482/482 487/487/487 483/483/483
f 482/482/482 484/484/484 487/487/487
f 488/488/488 483/483/483 487/487/487
f 486/486/486 489/489/489 484/484/484
f 484/484/484 489/489/489 487/487/487
f 490/490/490 488/488/488 487/487/487
f 487/487/487 489/489/489 490/490/490
f 488/488/488 490/490/490 491/491/491
f 489/489/489 486/486/486 492/492/492
f 489/489/489 492/492/492 490/490/490
f 486/486/486 493/493/493 492/492/492
f 493/493/493 494/494/494 492/492/492
f 490/490/490 495/495/495 491/491/491
f 490/490/490 492/492/492 495/495/495
f 496/496/496 491/491/491 495/495/495
f 494/494/494 497/497/497 492/492/492
f 492/492/492 497/497/497 495/495/495
f 498/498/498 496/496/496 495/495/495
f 495/495/495 497/497/497 498/498/498
f 496/496/496 498/498/498 499/499/499
f 497/497/497 494/494/494 500/500/500
f 497/497/497 500/500/500 498/498/498
f 494/494/494 501/501/501 500/500/500
f 501/501/501 502/502/502 500/500/500
f 498/498/498 503/503/503 499/499/499
f 498/498/498 500/500/500 503/503/503
f 504/504/504 499/499/499 503/503/503
f 502/502/502 505/505/505 500/500/500
f 500/500/500 505/505/505 503/503/503
f 504/504/504 503/503/503 505/505/505
f 502/502/502 506/506/506 505/505/505
f 504/504/504 505/505/505 507/507/507
f 506/506/506 508/508/508 505/505/505
f 505/505/505 508/508/508 507/507/507
f 509/509/509 508/508/508 506/506/506
f 508/508/508 509/509/509 507/507/507
f 510/510/510 509/509/509 506/506/506
f 509/509/509 511/511/511 507/507/507
f 512/512/512 509/509/509 510/510/510
f 513/513/513 512/512/512 510/510/510
f 512/512/512 513/513/513 514/514/514
f 515/515/515 511/511/511 509/509/509
f 509/509/509 512/512/512 515/515/515
f 516/516/516 511/511/511 515/515/515
f 515/515/515 517/517/517 516/516/516
f 512/512/512 517/517/517 515/515/515
f 517/517/517 518/518/518 516/516/516
f 519/519/519 512/512/512 514/514/514
f 517/517/517 512/512/512 519/519/519
f 518/518/518 517/517/517 520/520/520
f 520/520/520 517/517/517 519/519/519
f 521/521/521 518/518/518 520/520/520
f 522/522/522 519/519/519 514/514/514
f 519/519/519 522/522/522 520/520/520
f 523/523/523 522/522/522 514/514/514
f 522/522/522 523/523/523 524/524/524
f 520/520/520 525/525/525 521/521/521
f 522/522/522 525/525/525 520/520/520
f 525/525/525 526/526/526 521/521/521
f 527/527/527 522/522/522 524/524/524
f 525/525/525 522/522/522 527/527/527
f 526/526/526 525/525/525 528/528/528
f 528/528/528 525/525/525 527/527/527
f 529/529/529 526/526/526 528/528/528
f 530/530/530 527/527/527 524/524/524
f 527/527/527 530/530/530 528/528/528
f 531/531/531 530/530/530 524/524/524
f 530/530/530 531/531/531 532/532/532
f 528/528/528 533/533/533 529/529/529
f 530/530/530 533/533/533 528/528/528
f 533/533/533 534/534/534 529/529/529
f 535/535/535 530/530/530 532/532/532
f 533/533/533 530/530/530 535/535/535
f 534/534/534 533/533/533 536/536/536
f 536/536/536 533/533/533 535/535/535
f 537/537/537 534/534/534 536/536/536
f 538/538/538 535/535/535 532/532/532
f 535/535/535 538/538/538 536/536/536
f 539/539/539 538/538/538 532/532/532
f 538/538/538 539/539/539 540/540/540
f 536/536/536 541/541/541 537/537/537
f 538/538/538 541/541/541 536/536/536
f 541/541/541 542/542/542 537/537/537
f 543/543/543 538/538/538 540/540/540
f 541/541/541 538/538/538 543/543/543
f 542/542/542 541/541/541 544/544/544
f 544/544/544 541/541/541 543/543/543
f 545/545/545 542/542/542 544/544/544
f 545/545/545 544/544/544 546/546/546
f 544/544/544 547/547/547 546/546/546
f 544/544/544 543/543/543 547/547/547
f 546/546/546 547/547/547 548/548/548
f 543/543/543 540/540/540 549/549/549
f 543/543/543 549/549/549 547/547/547
f 540/540/540 550/550/550 549/549/549
f 550/550/550 551/551/551 549/549/549
f 547/547/547 552/552/552 548/548/548
f 552/552/552 547/547/547 549/549/549
f 548/548/548 552/552/552 553/553/553
f 551/551/551 554/554/554 549/549/549
f 554/554/554 552/552/552 549/549/549
f 552/552/552 555/555/555 553/553/553
f 552/552/552 554/554/554 555/555/555
f 553/553/553 555/555/555 556/556/556
f 554/554/554 551/551/551 557/557/557
f 554/554/554 557/557/557 555/555/555
f 551/551/551 558/558/558 557/557/557
f 558/558/558 559/559/559 557/557/557
f 555/555/555 560/560/560 556/556/556
f 560/560/560 555/555/555 557/557/557
f 556/556/556 560/560/560 561/561/561
f 559/559/559 562/562/562 557/557/557
f 562/562/562 560/560/560 557/557/557
f 560/560/560 563/563/563 561/561/561
f 560/560/560 562/562/562 563/563/563
f 561/561/561 563/563/563 564/564/564
f 562/562/562 559/559/559 565/565/565
f 562/562/562 565/565/565 563/563/563
f 559/559/559 566/566/566 565/565/565
f 566/566/566 567/567/567 565/565/565
f 563/563/563 568/568/568 564/564/564
f 568/568/568 563/563/563 565/565/565
f 564/564/564 568/568/568 569/569/569
f 567/567/567 570/570/570 565/565/565
f 570/570/570 568/568/568 565/565/565
f 568/568/568 571/571/571 569/569/569
f 568/568/568 570/570/570 571/571/571
f 569/569/569 571/571/571 572/572/572
f 570/570/570 567/567/567 573/573/573
f 570/570/570 573/573/573 571/571/571
f 567/567/567 574/574/574 573/573/573
f 574/574/574 575/575/575 573/573/573
f 571/571/571 576/576/576 572/572/572
f 576/576/576 571/571/571 573/573/573
f 572/572/572 576/576/576 577/577/577
f 575/575/575 578/578/578 573/573/573
f 578/578/578 576/576/576 573/573/573
f 577/577/577 576/576/576 578/578/578
f 575/575/575 579/579/579 578/578/578
f 577/577/577 578/578/578 580/580/580
f 579/579/579 581/581/581 578/578/578
f 578/578/578 581/581/581 580/580/580
f 582/582/582 581/581/581 579/579/579
f 581/581/581 582/582/582 580/580/580
f 583/583/583 582/582/582 579/579/579
f 582/582/582 584/584/584 580/580/580
f 585/585/585 582/582/582 583/583/583
f 586/586/586 585/585/585 583/583/583
f 586/586/586 587/587/587 585/585/585
f 588/588/588 584/584/584 582/582/582
f 582/582/582 585/585/585 588/588/588
f 588/588/588 589/589/589 584/584/584
f 588/588/588 590/590/590 589/589/589
f 585/585/585 590/590/590 588/588/588
f 590/590/590 591/591/591 589/589/589
f 587/587/587 592/592/592 585/585/585
f 590/590/590 585/585/585 592/592/592
f 591/591/591 590/590/590 593/593/593
f 593/593/593 590/590/590 592/592/592
f 594/594/594 591/591/591 593/593/593
f 595/595/595 592/592/592 587/587/587
f 592/592/592 595/595/595 593/593/593
f 596/596/596 595/595/595 587/587/587
f 596/596/596 597/597/597 595/595/595
f 593/593/593 598/598/598 594/594/594
f 595/595/595 598/598/598 593/593/593
f 598/598/598 599/599/599 594/594/594
f 597/597/597 600/600/600 595/595/595
f 598/598/598 595/595/595 600/600/600
f 599/599/599 598/598/598 601/601/601
f 601/601/601 598/598/598 600/600/600
f 602/602/602 599/599/599 601/601/601
f 603/603/603 600/600/600 597/597/597
f 600/600/600 603/603/603 601/601/601
f 604/604/604 603/603/603 597/597/597
f 604/604/604 605/605/605 603/603/603
f 601/601/601 606/606/606 602/602/602
f 603/603/603 606/606/606 601/601/601
f 606/606/606 607/607/607 602/602/602
f 605/605/605 608/608/608 603/603/603
f 606/606/606 603/603/603 608/608/608
f 607/607/607 606/606/606 609/609/609
f 609/609/609 606/606/606 608/608/608
f 610/610/610 607/607/607 609/609/609
f 611/611/611 608/608/608 605/605/605
f 608/608/608 611/611/611 609/609/609
f 612/612/612 611/611/611 605/605/605
f 612/612/612 613/613/613 611/611/611
f 609/609/609 614/614/614 610/610/610
f 611/611/611 614/614/614 609/609/609
f 614/614/614 615/615/615 610/610/610
f 613/613/613 616/616/616 611/611/611
f 614/614/614 611/611/611 616/616/616
f 615/615/615 614/614/614 617/617/617
f 617/617/617 614/614/614 616/616/616
f 618/618/618 615/615/615 617/617/617
f 619/619/619 618/618/618 617/617/617
f 620/620/620 619/619/619 617/617/617
f 617/617/617 616/616/616 620/620/620
f 619/619/619 620/620/620 621/621/621
f 616/616/616 613/613/613 622/622/622
f 616/616/616 622/622/622 620/620/620
f 613/613/613 623/623/623 622/622/622
f 623/623/623 624/624/624 622/622/622
f 620/620/620 625/625/625 621/621/621
f 620/620/620 622/622/622 625/625/625
f 626/626/626 621/621/621 625/625/625
f 624/624/624 627/627/627 622/622/622
f 622/622/622 627/627/627 625/625/625
f 628/628/628 626/626/626 625/625/625
f 625/625/625 627/627/627 628/628/628
f 626/626/626 628/628/628 629/629/629
f 627/627/627 624/624/624 630/630/630
f 627/627/627 630/630/630 628/628/628
f 624/624/624 631/631/631 630/630/630
f 631/631/631 632/632/632 630/630/630
f 628/628/628 633/633/633 629/629/629
f 628/628/628 630/630/630 633/633/633
f 634/634/634 629/629/629 633/633/633
f 632/632/632 635/635/635 630/630/630
f 630/630/630 635/635/635 633/633/633
f 636/636/636 634/634/634 633/633/633
f 633/633/633 635/635/635 636/636/636
f 634/634/634 636/636/636 637/637/637
f 635/635/635 632/632/632 638/638/638
f 635/635/635 638/638/638 636/636/636
f 632/632/632 639/639/639 638/638/638
f 639/639/639 640/640/640 638/638/638
f 636/636/636 641/641/641 637/637/637
f 636/636/636 638/638/638 641/641/641
f 642/642/642 637/637/637 641/641/641
f 640/640/640 643/643/643 638/638/638
f 638/638/638 643/643/643 641/641/641
f 644/644/644 642/642/642 641/641/641
f 641/641/641 643/643/643 644/644/644
f 642/642/642 644/644/644 645/645/645
f 643/643/643 640/640/640 646/646/646
f 643/643/643 646/646/646 644/644/644
f 640/640/640 647/647/647 646/646/646
f 647/647/647 648/648/648 646/646/646
f 644/644/644 649/649/649 645/645/645
f 644/644/644 646/646/646 649/649/649
f 650/650/650 645/645/645 649/649/649
f 648/648/648 651/651/651 646/646/646
f 646/646/646 651/651/651 649/649/649
f 650/650/650 649/649/649 651/651/651
f 648/648/648 652/652/652 651/651/651
f 650/650/650 651/651/651 653/653/653
f 652/652/652 654/654/654 651/651/651
f 651/651/651 654/654/654 653/653/653
f 655/655/655 654/654/654 652/652/652
f 654/654/654 655/655/655 653/653/653
f 656/656/656 655/655/655 652/652/652
f 655/655/655 657/657/657 653/653/653
f 658/658/658 655/655/655 656/656/656
f 659/659/659 658/658/658 656/656/656
f 658/658/658 659/659/659 660/660/660
f 661/661/661 657/657/657 655/655/655
f 655/655/655 658/658/658 661/661/661
f 662/662/662 657/657/657 661/661/661
f 661/661/661 663/663/663 662/662/662
f 658/658/658 663/663/663 661/661/661
f 663/663/663 664/664/664 662/662/662
f 665/665/665 658/658/658 660/660/660
f 663/663/663 658/658/658 665/665/665
f 664/664/664 663/663/663 666/666/666
f 666/666/666 663/663/663 665/665/665
f 667/667/667 664/664/664 666/666/666
f 668/668/668 665/665/665 660/660/660
f 665/665/665 668/668/668 666/666/666
f 669/669/669 668/668/668 660/660/660
f 668/668/668 669/669/669 415/415/415
f 666/666/666 670/670/670 667/667/667
f 668/668/668 670/670/670 666/666/666
f 670/670/670 671/671/671 667/667/667
f 672/672/672 668/668/668 415/415/415
f 670/670/670 668/668/668 672/672/672
f 413/413/413 672/672/672 415/415/415
f 671/671/671 670/670/670 673/673/673
f 673/673/673 670/670/670 672/672/672
f 672/672/672 413/413/413 673/673/673
f 397/397/397 671/671/671 673/673/673
f 413/413/413 396/396/396 673/673/673
f 673/673/673 396/396/396 397/397/397
f 676/676/676 675/675/675 674/674/674
f 677/677/677 675/675/675 676/676/676
f 678/678/678 676/676/676 674/674/674
f 679/679/679 677/677/677 676/676/676
f 676/676/676 678/678/678 680/680/680
f 678/678/678 681/681/681 680/680/680
f 679/679/679 676/676/676 682/682/682
f 683/683/683 679/679/679 682/682/682
f 681/681/681 684/684/684 680/680/680
f 684/684/684 685/685/685 680/680/680
f 683/683/683 682/682/682 686/686/686
f 682/682/682 687/687/687 686/686/686
f 688/688/688 685/685/685 684/684/684
f 689/689/689 688/688/688 684/684/684
f 689/689/689 690/690/690 688/688/688
f 686/686/686 687/687/687 691/691/691
f 692/692/692 686/686/686 691/691/691
f 693/693/693 692/692/692 691/691/691
f 690/690/690 694/694/694 688/688/688
f 695/695/695 693/693/693 691/691/691
f 690/690/690 696/696/696 694/694/694
f 693/693/693 695/695/695 697/697/697
f 696/696/696 698/698/698 694/694/694
f 694/694/694 698/698/698 699/699/699
f 700/700/700 694/694/694 699/699/699
f 695/695/695 701/701/701 697/697/697
f 702/702/702 701/701/701 695/695/695
f 703/703/703 702/702/702 695/695/695
f 694/694/694 700/700/700 704/704/704
f 700/700/700 705/705/705 704/704/704
f 703/703/703 695/695/695 706/706/706
f 707/707/707 703/703/703 706/706/706
f 705/705/705 708/708/708 704/704/704
f 708/708/708 709/709/709 704/704/704
f 707/707/707 706/706/706 710/710/710
f 706/706/706 711/711/711 710/710/710
f 712/712/712 709/709/709 708/708/708
f 713/713/713 712/712/712 708/708/708
f 713/713/713 714/714/714 712/712/712
f 710/710/710 711/711/711 715/715/715
f 716/716/716 710/710/710 715/715/715
f 717/717/717 716/716/716 715/715/715
f 714/714/714 718/718/718 712/712/712
f 718/718/718 717/717/717 715/715/715
f 714/714/714 719/719/719 718/718/718
f 717/717/717 718/718/718 720/720/720
f 719/719/719 721/721/721 718/718/718
f 718/718/718 721/721/721 720/720/720
f 724/724/724 723/723/723 722/722/722
f 725/725/725 724/724/724 722/722/722
f 723/723/723 726/726/726 722/722/722
f 727/727/727 725/725/725 722/722/722
f 723/723/723 728/728/728 726/726/726
f 729/729/729 725/725/725 727/727/727
f 728/728/728 730/730/730 726/726/726
f 731/731/731 729/729/729 727/727/727
f 728/728/728 732/732/732 730/730/730
f 733/733/733 729/729/729 731/731/731
f 732/732/732 734/734/734 730/730/730
f 735/735/735 733/733/733 731/731/731
f 732/732/732 736/736/736 734/734/734
f 737/737/737 733/733/733 735/735/735
f 736/736/736 738/738/738 734/734/734
f 739/739/739 737/737/737 735/735/735
f 736/736/736 740/740/740 738/738/738
f 741/741/741 737/737/737 739/739/739
f 740/740/740 742/742/742 738/738/738
f 743/743/743 741/741/741 739/739/739
f 740/740/740 744/744/744 742/742/742
f 745/745/745 741/741/741 743/743/743
f 744/744/744 746/746/746 742/742/742
f 747/747/747 745/745/745 743/743/743
f 744/744/744 748/748/748 746/746/746
f 749/749/749 745/745/745 747/747/747
f 748/748/748 750/750/750 746/746/746
f 751/751/751 749/749/749 747/747/747
f 748/748/748 752/752/752 750/750/750
f 753/753/753 749/749/749 751/751/751
f 752/752/752 754/754/754 750/750/750
f 755/755/755 753/753/753 751/751/751
f 752/752/752 756/756/756 754/754/754
f 756/756/756 757/757/757 754/754/754
f 757/757/757 756/756/756 758/758/758
f 756/756/756 759/759/759 758/758/758
f 758/758/758 759/759/759 760/760/760
f 759/759/759 761/761/761 760/760/760
f 760/760/760 761/761/761 762/762/762
f 761/761/761 763/763/763 762/762/762
f 762/762/762 763/763/763 764/764/764
f 763/763/763 765/765/765 764/764/764
f 764/764/764 765/765/765 766/766/766
f 765/765/765 767/767/767 766/766/766
f 766/766/766 767/767/767 768/768/768
f 767/767/767 769/769/769 768/768/768
f 768/768/768 769/769/769 770/770/770
f 769/769/769 771/771/771 770/770/770
f 770/770/770 771/771/771 772/772/772
f 771/771/771 773/773/773 772/772/772
f 772/772/772 773/773/773 774/774/774
f 773/773/773 775/775/775 774/774/774
f 775/775/775 776/776/776 774/774/774
f 776/776/776 777/777/777 774/774/774
f 776/776/776 778/778/778 777/777/777
f 778/778/778 779/779/779 777/777/777
f 778/778/778 780/780/780 779/779/779
f 780/780/780 781/781/781 779/779/779
f 780/780/780 782/782/782 781/781/781
f 782/782/782 783/783/783 781/781/781
f 782/782/782 784/784/784 783/783/783
f 784/784/784 785/785/785 783/783/783
f 784/784/784 786/786/786 785/785/785
f 786/786/786 787/787/787 785/785/785
f 786/786/786 788/788/788 787/787/787
f 788/788/788 789/789/789 787/787/787
f 788/788/788 790/790/790 789/789/789
f 790/790/790 791/791/791 789/789/789
f 790/790/790 792/792/792 791/791/791
f 792/792/792 793/793/793 791/791/791
f 793/793/793 792/792/792 794/794/794
f 792/792/792 795/795/795 794/794/794
f 794/794/794 795/795/795 796/796/796
f 795/795/795 797/797/797 796/796/796
f 796/796/796 797/797/797 798/798/798
f 797/797/797 799/799/799 798/798/798
f 798/798/798 799/799/799 800/800/800
f 799/799/799 801/801/801 800/800/800
f 800/800/800 801/801/801 802/802/802
f 801/801/801 803/803/803 802/802/802
f 802/802/802 803/803/803 804/804/804
f 803/803/803 805/805/805 804/804/804
f 804/804/804 805/805/805 806/806/806
f 805/805/805 807/807/807 806/806/806
f 806/806/806 807/807/807 808/808/808
f 807/807/807 809/809/809 808/808/808
f 808/808/808 809/809/809 810/810/810
f 809/809/809 811/811/811 810/810/810
f 811/811/811 812/812/812 810/810/810
f 812/812/812 813/813/813 810/810/810
f 812/812/812 814/814/814 813/813/813
f 814/814/814 815/815/815 813/813/813
f 814/814/814 816/816/816 815/815/815
f 816/816/816 817/817/817 815/815/815
f 816/816/816 818/818/818 817/817/817
f 818/818/818 819/819/819 817/817/817
f 818/818/818 820/820/820 819/819/819
f 820/820/820 821/821/821 819/819/819
f 820/820/820 822/822/822 821/821/821
f 822/822/822 823/823/823 821/821/821
f 822/822/822 824/824/824 823/823/823
f 824/824/824 825/825/825 823/823/823
f 824/824/824 826/826/826 825/825/825
f 826/826/826 827/827/827 825/825/825
f 826/826/826 828/828/828 827/827/827
f 828/828/828 829/829/829 827/827/827
f 829/829/829 828/828/828 830/830/830
f 828/828/828 831/831/831 830/830/830
f 830/830/830 831/831/831 832/832/832
f 831/831/831 833/833/833 832/832/832
f 832/832/832 833/833/833 834/834/834
f 833/833/833 835/835/835 834/834/834
f 834/834/834 835/835/835 836/836/836
f 835/835/835 837/837/837 836/836/836
f 836/836/836 837/837/837 838/838/838
f 837/837/837 839/839/839 838/838/838
f 838/838/838 839/839/839 840/840/840
f 839/839/839 841/841/841 840/840/840
f 840/840/840 841/841/841 842/842/842
f 841/841/841 843/843/843 842/842/842
f 842/842/842 843/843/843 844/844/844
f 843/843/843 845/845/845 844/844/844
f 844/844/844 845/845/845 846/846/846
f 845/845/845 847/847/847 846/846/846
f 847/847/847 848/848/848 846/846/846
f 848/848/848 849/849/849 846/846/846
f 848/848/848 850/850/850 849/849/849
f 850/850/850 851/851/851 849/849/849
f 850/850/850 852/852/852 851/851/851
f 852/852/852 853/853/853 851/851/851
f 852/852/852 854/854/854 853/853/853
f 854/854/854 855/855/855 853/853/853
f 854/854/854 856/856/856 855/855/855
f 856/856/856 857/857/857 855/855/855
f 856/856/856 858/858/858 857/857/857
f 858/858/858 859/859/859 857/857/857
f 858/858/858 860/860/860 859/859/859
f 860/860/860 861/861/861 859/859/859
f 860/860/860 862/862/862 861/861/861
f 862/862/862 863/863/863 861/861/861
f 862/862/862 864/864/864 863/863/863
f 864/864/864 865/865/865 863/863/863
f 865/865/865 864/864/864 755/755/755
f 864/864/864 753/753/753 755/755/755
